Price,Close,Close,Close,Close,Close,Close,Close,Close,Close,Close,High,High,High,High,High,High,High,High,High,High,Low,Low,Low,Low,Low,Low,Low,Low,Low,Low,Open,Open,Open,Open,Open,Open,Open,Open,Open,Open,Volume,Volume,Volume,Volume,Volume,Volume,Volume,Volume,Volume,Volume
Ticker,AXISBANK.NS,HDFCBANK.NS,HINDUNILVR.NS,ICICIBANK.NS,INFY.NS,ITC.NS,KOTAKBANK.NS,RELIANCE.NS,SBIN.NS,TCS.NS,AXISBANK.NS,HDFCBANK.NS,HINDUNILVR.NS,ICICIBANK.NS,INFY.NS,ITC.NS,KOTAKBANK.NS,RELIANCE.NS,SBIN.NS,TCS.NS,AXISBANK.NS,HDFCBANK.NS,HINDUNILVR.NS,ICICIBANK.NS,INFY.NS,ITC.NS,KOTAKBANK.NS,RELIANCE.NS,SBIN.NS,TCS.NS,AXISBANK.NS,HDFCBANK.NS,HINDUNILVR.NS,ICICIBANK.NS,INFY.NS,ITC.NS,KOTAKBANK.NS,RELIANCE.NS,SBIN.NS,TCS.NS,AXISBANK.NS,HDFCBANK.NS,HINDUNILVR.NS,ICICIBANK.NS,INFY.NS,ITC.NS,KOTAKBANK.NS,RELIANCE.NS,SBIN.NS,TCS.NS
Date,,,,,,,,,,,,,,,,,,,,,,,,,,,,,,,,,,,,,,,,,,,,,,,,,,
2025-02-28,1014.6828002929688,856.7745971679688,2167.45654296875,1194.8802490234375,1664.2833251953125,387.853759765625,1900.7584228515625,1195.325927734375,675.241455078125,3440.88525390625,1034.615777000597,859.1731978493104,2226.188997022339,1215.620243112648,1730.7481826909784,395.218071659909,1934.819249201863,1212.5073065135477,687.5444053811439,3556.215291484246,1009.0876065778273,833.3324728024684,2163.102429455049,1190.9108768010287,1659.106168289425,385.1044286446103,1891.7189184229208,1188.5530513693543,669.1634856554016,3414.954517405844,1013.9334407248853,833.3324728024684,2221.6862995661827,1206.6891556122284,1730.6989486606933,391.7813927759098,1934.819249201863,1197.218393771922,687.1033111747046,3541.348287656423,15026849,54516728,3683249,20215075,12182167,31954776,6970315,23007298,15780609,7085018
2025-03-03,1006.389892578125,841.5174560546875,2154.1962890625,1196.964111328125,1684.893310546875,390.25946044921875,1912.3951416015625,1166.5906982421875,681.6134643554688,3450.56591796875,1018.5295418855362,862.0416683458989,2176.1156841937386,1207.6814644794808,1704.615812415331,391.78140630708367,1921.4347684849101,1201.6506219268736,683.6721631354309,3480.398563015721,991.1529148051625,837.8329528063085,2136.0371552215483,1194.929880803104,1668.8195437500424,384.12253365869424,1893.0174580595733,1151.4013636439433,666.6146467698901,3433.871319078812,1016.1815119995523,860.4343505158643,2176.1156841937386,1201.2312348006667,1668.8195437500424,388.7865980194929,1903.3556366479527,1199.2104168056296,676.5648746220754,3442.6137776512555,6763184,21205364,1306470,8158881,7504969,10702826,2607790,17944938,10598479,4990439
2025-03-04,1000.944580078125,845.6964111328125,2134.899169921875,1201.1319580078125,1664.8751220703125,387.70648193359375,1905.60302734375,1157.2779541015625,701.9550170898438,3489.091796875,1010.2366268834685,847.823040291667,2157.313361185971,1207.334101585249,1675.4266129180364,390.01397233458835,1913.7935354563765,1169.3297956512124,704.3077986097232,3507.811270911589,997.7473002679423,837.412542778149,2113.771256648273,1197.0137104452713,1646.8289838570458,385.7426654162302,1894.5657037457631,1154.9373267832577,678.4764450422322,3422.1658003657744,1000.2451655910475,839.7616994757401,2157.263833201739,1197.9068433475454,1671.4821123578997,388.2465194896839,1898.9606610941362,1157.576687742468,679.3587530706169,3431.747776723982,5786420,19920958,1800330,9574490,6759673,13404774,3172050,11377373,14386214,2797737
2025-03-05,1013.5838012695312,835.8052368164062,2147.862548828125,1206.391357421875,1687.753173828125,397.721923828125,1930.873779296875,1170.9234619140625,715.9735107421875,3503.9091796875,1016.5312945423531,846.0920946487043,2169.0892750059793,1216.5628733470458,1708.9055098893523,405.2826293231856,1951.400162281009,1178.2940491759787,716.9048225760387,3556.5609685813047,1001.6939379587069,834.9397580208863,2127.625415866953,1202.0251450551775,1668.9674417970127,387.3628037989018,1893.2172441368239,1152.3974766666165,702.8863207536921,3478.0278844831014,1002.1435659127035,841.7151964431243,2129.6046023003178,1207.6814517983407,1668.9674417970127,387.3628037989018,1900.9083278921446,1156.3815647449799,703.425482394221,3478.0278844831014,5133873,21583872,1145673,9052846,8180782,15665018,3811688,8664095,10409805,2501894
2025-03-06,1033.2169189453125,836.398681640625,2195.85791015625,1208.7235107421875,1692.042724609375,398.3601989746094,1919.4869384765625,1204.7882080078125,717.6400756835938,3557.7958984375,1038.612332076587,840.7013838639193,2206.5950936388526,1218.5476101118768,1698.403303714733,402.28783207284374,1942.7101639818582,1209.1208794668382,722.2475713084986,3565.5502786807147,1014.2831498454004,827.0268068564945,2141.232410668537,1199.7427576093883,1667.6361284442405,393.3033473882626,1907.6506092178754,1180.4355183146993,712.6894935069948,3493.0925374232374,1021.7267392253694,834.3215566852482,2152.3653348141274,1218.5476101118768,1691.204542351751,401.747764542559,1941.7613067653647,1192.2383549047067,721.5123345545368,3513.7382462249243,7861120,32966088,1856868,11949475,10610547,17869996,5193093,14468014,10928847,2786513
2025-03-07,1036.7640380859375,835.434326171875,2181.60791015625,1205.250244140625,1662.60693359375,396.5927429199219,1933.171142578125,1244.828369140625,718.3262939453125,3567.27880859375,1049.4531455409124,841.3195941178813,2203.527304632234,1208.5249033729367,1681.3433106627187,398.50747602613745,1938.3651052842729,1249.8084792402678,720.3849328808595,3580.9110146215976,1029.8198990891383,829.6726980551083,2166.417556693262,1197.0634143564148,1652.2526199503725,394.432562712498,1907.8503610086245,1207.178688153437,713.6697945986864,3530.926339576579,1032.817337571361,831.848771123927,2203.527304632234,1201.8265880949464,1679.4696488805018,396.2490690334906,1914.7923083468052,1211.1627762331514,717.6400610222238,3556.2150765897245,7597321,13372914,1738356,6620284,8019331,11180761,2780338,16474965,7246729,2051315
2025-03-10,1034.9654541015625,834.56884765625,2224.358154296875,1205.5478515625,1677.842529296875,397.6728515625,1919.536865234375,1233.4736328125,714.5521240234375,3545.990966796875,1049.6029687298005,840.7013952628595,2243.556166073489,1216.4140799337886,1695.14907322124,399.489387865199,1937.8158392742737,1252.9956391209716,723.9631306303024,3578.0464882486435,1031.468442782615,832.3680828434274,2171.810657815665,1198.7503263397664,1652.9428701352483,393.1560675022779,1914.1430596218038,1230.4855669004469,712.2973500895013,3539.0269050026495,1035.1153504084468,835.3106866319445,2185.0218239072406,1198.7503263397664,1662.606944415946,393.7943018882363,1930.274485268859,1240.0473535020744,718.3263154629034,3562.6361259918417,5995655,15604050,1242387,7363437,7558981,9785018,2228534,11931051,7400109,1004626
2025-03-11,1024.774169921875,833.5797119140625,2193.878662109375,1235.864013671875,1638.54541015625,398.85113525390625,1932.9713134765625,1242.3382568359375,715.4833984375,3531.815673828125,1035.914672765481,837.7834660233889,2238.9051540575633,1238.4440812807522,1656.6901357180045,401.01131538193874,1941.7612278891058,1244.5294565449083,719.6007363944591,3545.1020407658093,1020.2280066108474,825.9387947696318,2188.238029020463,1207.8798680000234,1614.336111648948,393.94159410093084,1902.2567261526995,1224.858022557904,708.4741769972491,3494.623445019518,1029.520113656347,832.0465901366277,2216.6888343723404,1207.8798680000234,1656.6901357180045,394.23615458392493,1920.785412155736,1235.0672477916657,710.6308835302965,3514.7260358188087,4771085,19898430,1325891,10927950,12671234,11099475,3207052,10089838,5538789,1995450
2025-03-12,1010.3365478515625,846.2651977539062,2170.0791015625,1234.425048828125,1568.777099609375,404.93896484375,1980.266845703125,1252.0494384765625,708.8172607421875,3463.555908203125,1028.9207018891527,849.9001967043049,2206.7435825029443,1242.3637929723905,1614.1882088567118,405.8226762942879,1995.3993006667217,1257.9757204337955,722.4926768362947,3525.8391128612507,998.3467946594548,836.5718470958394,2162.261410950068,1225.8413786306357,1542.1024877383609,396.69094136295917,1935.76810292438,1239.0513034201438,704.8959979099689,3444.4413966520915,1024.3245322593168,836.5718470958394,2194.274851591979,1237.4020778822246,1614.1882088567118,399.0475152195476,1937.7657996250243,1252.995610693361,716.2186323712558,3521.640803348143,7504702,18784106,1526212,11548372,14870008,13844306,6704494,11977555,5547762,3174167
2025-03-13,1009.33740234375,844.014892578125,2152.16748046875,1240.4783935546875,1557.9296875,404.59527587890625,1982.8138427734375,1242.9359130859375,713.5227661132812,3468.346923828125,1015.132437526724,851.037670887958,2186.951587084268,1245.9858244254206,1583.766236887254,406.90276622215737,1991.0543416924163,1259.1212710412995,717.0519385721029,3481.435770783201,1004.2417206442948,840.7755653731708,2141.925093538761,1235.7647643884725,1548.5122651881575,400.8149531499511,1967.2818240294432,1238.901975238559,710.2387324158618,3441.724751274507,1014.1332914267962,848.6885142038501,2162.261283449078,1241.4707365370484,1577.0605381756682,405.5281006874954,1973.4246438616246,1255.0376050433522,711.6111983443574,3459.703345650245,4004140,15736264,1845629,8132940,7822888,8196569,4925794,9505270,5908337,1693004
2025-03-17,1033.2669677734375,845.894287109375,2148.654296875,1259.2833251953125,1567.98828125,400.5694885253906,1990.8046875,1233.9217529296875,708.915283203125,3455.1591796875,1038.1128019842872,852.6202818993438,2172.6024046790826,1264.1953748180651,1571.8834272886888,408.719315135297,1996.548065701467,1252.3980085038181,716.8558160007225,3487.5108578515615,1010.2366012913976,843.2236546626341,2134.05779675806,1245.1424367918191,1523.711239680789,399.63666368784595,1971.9764198689631,1228.1946267891797,708.0819790039528,3435.0568312409873,1010.2366012913976,843.2236546626341,2138.510966285262,1247.4248742515454,1523.711239680789,405.5281132753817,1977.81965852277,1237.208673957254,714.5520981665495,3446.565041661376,5938668,18950652,1111886,11164812,7526032,5257805,3170929,16640917,5149563,2690906
2025-03-18,1033.2669677734375,845.894287109375,2148.654296875,1259.2833251953125,1567.98828125,400.5694885253906,1990.8046875,1233.9217529296875,708.915283203125,3455.1591796875,1033.2669677734375,845.894287109375,2148.654296875,1259.2833251953125,1567.98828125,400.5694885253906,1990.8046875,1233.9217529296875,708.915283203125,3455.1591796875,1033.2669677734375,845.894287109375,2148.654296875,1259.2833251953125,1567.98828125,400.5694885253906,1990.8046875,1233.9217529296875,708.915283203125,3455.1591796875,1033.2669677734375,845.894287109375,2148.654296875,1259.2833251953125,1567.98828125,400.5694885253906,1990.8046875,1233.9217529296875,708.915283203125,3455.1591796875,0,0,0,0,0,0,0,0,0,0
2025-03-19,1051.1517333984375,862.5609130859375,2177.15478515625,1303.0455322265625,1564.536865234375,395.75811767578125,2019.2220458984375,1242.1888427734375,730.4331665039062,3454.56689453125,1057.646183234451,865.9733845280689,2189.8216276997773,1308.2057883620175,1580.7585753901394,403.31882336844717,2048.6380827120474,1248.2645525643281,734.5505041985215,3503.8598932625678,1042.6089852123262,856.6756450003794,2170.623372744765,1292.1794251380722,1550.9776447654951,395.3162769319527,2014.926948976537,1233.8720835165427,724.551272606947,3420.634577218764,1046.9053623518132,858.0604352691031,2184.0324102623285,1295.6029599370165,1580.7585753901394,402.5823921632704,2036.9016139300547,1236.113132982547,725.0414304316936,3503.8598932625678,4822365,15221406,1341405,11278014,7387068,12830387,5338288,16162399,7604850,3051244
2025-03-20,1053.44970703125,874.7517700195312,2219.06396484375,1311.5797119140625,1593.134521484375,396.641845703125,2033.3057861328125,1264.101318359375,734.7955932617188,3519.813232421875,1057.9958707491392,877.3482063687059,2225.4963214258246,1314.1102350516276,1609.2576434825316,399.2929799729773,2036.5520434588152,1267.9359786597456,737.8836115337692,3535.4211137803227,1046.0061170837591,865.1326156933737,2165.6754535325167,1301.0113557334153,1569.9112262370732,394.62891583099076,2014.1778147336495,1245.0773228865291,729.5509283979652,3469.285438744659,1055.3481090881514,867.4570202766122,2180.964622011462,1309.8927772461004,1569.9112262370732,397.6728373693795,2028.6611166496614,1246.8700894970418,733.2761159507572,3469.285438744659,3742644,17833978,1426689,10886735,7186750,16994037,2683306,15971477,6963197,2845192
2025-03-21,1069.2362060546875,875.5430908203125,2222.824462890625,1332.81591796875,1570.45361328125,398.212890625,2076.605712890625,1271.2725830078125,738.373779296875,3534.58154296875,1074.6316193008408,877.3976882930464,2231.7308027539034,1338.6707661545943,1581.6461093555213,400.12762375553666,2095.1843896839355,1275.9041093610767,740.7265010195747,3572.267448060842,1049.6529672039042,868.2236490171963,2202.6368558405,1301.5571120874529,1541.9545731422113,394.4325677226245,2032.6563856336804,1265.0474458622177,732.2958101375568,3422.857022476548,1053.4496491429936,868.2236490171963,2221.636999228841,1305.923445707521,1556.0560901796125,398.60567790903195,2037.6506273674242,1269.927977701306,735.1877533491547,3432.735397721791,6848565,33508264,2152415,60494318,10074677,25302035,18850808,21780769,9577327,4161925
2025-03-24,1096.9124755859375,890.206787109375,2232.72021484375,1347.750732421875,1570.6507568359375,403.4660949707031,2173.643798828125,1296.920166015625,765.4304809570312,3584.81298828125,1104.0063882058416,892.3828602187335,2242.4182768943433,1362.4870024308004,1584.8016279799526,405.38082804931764,2181.734568228453,1300.8046759652354,767.5381836299999,3605.360057323045,1072.783073887539,877.1751609389484,2217.6784459489068,1334.7510627437973,1550.8789003823247,398.2619932184889,2087.8428207574793,1279.141198398433,740.236355685803,3523.2214624383355,1081.0760349569089,879.8210412597656,2226.8321833987184,1345.5675050388625,1575.7785592177397,399.6366587789359,2097.5815924366493,1285.86434660882,743.0792951283579,3556.215139766549,8284863,17393736,1454404,9352280,8857726,14362572,8508351,20299319,12095064,1834751
2025-03-25,1117.594970703125,900.8150634765625,2247.663330078125,1333.4112548828125,1605.8553466796875,402.385986328125,2167.5009765625,1280.33642578125,757.636962890625,3613.262939453125,1122.5406953407569,911.8190085201571,2268.1478632455664,1353.3574463042776,1613.4485820609123,407.73739824308706,2199.9635487921228,1302.497915186312,770.52813824643,3664.877453453925,1095.413853076155,890.9486290353171,2220.0042454235413,1319.8658696966822,1582.7307615847424,401.3059112323006,2157.512492799539,1277.4977874103538,754.05884649493,3593.753147079617,1109.002216272288,892.6301428240463,2227.3271392669976,1348.5941513991709,1582.7307615847424,404.5461964506968,2177.3894779440443,1302.497915186312,768.4694992151382,3600.6680101993416,11720528,39101416,2229340,16419207,9890140,20338110,7342433,13713899,15190143,3135390
2025-03-26,1095.31396484375,893.4461669921875,2222.576904296875,1325.6710205078125,1577.2578125,399.9803466796875,2142.4296875,1267.98583984375,748.961181640625,3591.579833984375,1117.8946433973692,903.8071606360264,2256.173546705244,1347.6017762925185,1615.0264536438078,403.76069957751406,2173.4939681361698,1288.6532960847499,760.7739736513279,3635.736124498959,1088.1201613639344,891.1958979294773,2214.5118159755425,1321.304687138062,1572.8696037624018,398.90024157095667,2127.446962535826,1263.7028966635362,746.4613886162912,3581.7508985374016,1114.047955120439,902.5707623314628,2248.355856695608,1333.7586400786652,1603.4394832085677,402.8769581468943,2172.4951198052245,1285.8643858858131,756.8037071028305,3603.3844445431537,7127060,24478442,1416907,10859639,6651302,13891436,3016916,12074747,7711852,1734499
2025-03-27,1097.412109375,902.7438354492188,2221.29052734375,1326.415283203125,1581.301025390625,402.0423583984375,2126.198486328125,1273.115234375,757.0977783203125,3606.79248046875,1107.053893763539,910.4837008193595,2237.3714186362613,1341.1515523929718,1597.4733814773153,403.2697437519979,2148.9222867570757,1279.8882324099652,760.528883157817,3618.449012006768,1087.1708617115737,889.267094087281,2177.105282678452,1322.9420827344788,1563.9944809345598,398.3110889443362,2109.4180287912413,1266.242780044616,745.5300654063271,3566.5875396807087,1091.067555947459,890.2067688619484,2220.8452586740973,1322.9420827344788,1573.4120242257595,400.6185794021223,2141.530906359137,1273.0655062272906,748.765095143516,3570.884729570523,8508917,41658100,3752627,15109614,9426573,18642328,9421224,15028056,15648616,2528474
2025-03-28,1101.0589599609375,904.1533203125,2235.3427734375,1338.025634765625,1548.857421875,402.3369140625,2168.699462890625,1270.027587890625,756.3135375976562,3562.290283203125,1106.0546902692902,908.010907138289,2272.106065443541,1347.5521031600986,1576.271627596916,408.08108344123156,2177.3893946601224,1290.5954658598978,763.2737549045355,3616.4238291582196,1085.5721960050441,893.0999316380415,2216.9857706253674,1317.0375564815454,1538.355165420368,400.7658548357284,2136.536595175996,1263.9518781988888,751.9021170931981,3548.2135981206075,1097.462058532138,904.5489919149949,2223.615996973709,1325.7702231722565,1567.938918601529,403.46610258111434,2136.8362984493147,1274.9081198538831,756.9017030647627,3606.5948937734543,4921190,28773648,2280152,8266544,6799047,12981873,3672253,18147129,7628185,2051919
2025-04-01,1084.6729736328125,874.3067016601562,2210.60302734375,1308.3546142578125,1505.3199462890625,399.2929992675781,2143.4287109375,1247.6170654296875,756.5096435546875,3507.613525390625,1100.3096343737684,895.1029456872441,2260.8741722824734,1341.995067068455,1525.9299846961485,406.90278849853894,2175.991266730272,1272.8164693011493,767.3421201573958,3540.4096829245336,1069.0863189829122,873.0703033320538,2196.8970638862934,1305.328040709696,1496.7899402056196,398.2620075515041,2133.4402268120452,1244.330265958221,748.1769600397238,3482.1272690594255,1092.2664595426536,891.1959148962379,2235.4912014951065,1329.739654923708,1517.8930411565277,402.38600438126315,2171.796152169476,1259.5693287834792,751.7060726537488,3529.2470706788267,6638140,28511006,2495962,14288024,12680733,15206240,3750939,12099648,7011125,2618493
2025-04-02,1083.52392578125,888.6736450195312,2214.610595703125,1321.056640625,1528.641845703125,401.6495666503906,2152.118896484375,1246.1729736328125,760.6759643554688,3500.8466796875,1094.664429049867,889.8110952211971,2220.3502847646905,1327.705290380845,1534.065533745542,402.5823914949175,2158.1617343187236,1250.5554948342144,761.7052838533914,3520.751750127819,1079.8271340440042,875.7161547465231,2167.2587045450064,1312.026343402594,1513.8992032527772,398.7038418345742,2137.1859175649165,1238.9518139936486,749.2552627425828,3487.1158348283598,1090.76773491548,875.7161547465231,2220.3502847646905,1312.026343402594,1513.8992032527772,399.685750106513,2138.5344604714523,1242.5873186806543,757.0977881876627,3500.8961197970325,4065344,11573564,1351493,8042214,6193478,8001323,2132192,10142590,5458436,1764313
2025-04-03,1088.9193115234375,887.6597900390625,2221.191650390625,1319.3697509765625,1475.7362060546875,401.99322509765625,2130.14404296875,1243.732666015625,763.8619995117188,3361.75927734375,1091.017493860897,892.1850199249685,2229.4546093389336,1322.7932860458366,1513.3569025396205,402.7787696643111,2149.221899728017,1246.8204315907722,769.2537358201085,3459.407116080848,1074.381809497697,878.831918185515,2197.4909395964924,1311.1332552048473,1464.4451218569632,399.34209084453187,2124.7001244906924,1228.145018441354,754.7940793566994,3354.8444144618065,1077.9787109284953,880.8595993384149,2202.290322056308,1311.8278468858045,1513.3569025396205,399.68573475414075,2126.548091442257,1228.145018441354,754.8430831745769,3448.5409029806515,5345660,11250038,1310088,4591008,10459504,7059566,1694038,7434366,7956680,4537821
2025-04-04,1090.3681640625,898.7626953125,2221.191650390625,1325.07568359375,1431.508544921875,402.287841796875,2129.494873046875,1199.9075927734375,752.34326171875,3259.27099609375,1100.9590880995302,910.9535345104325,2243.457499245224,1328.3007984100484,1451.5761669039568,405.3317335492131,2143.8284456384404,1240.4954871764826,767.4891505617313,3358.301706837936,1074.5316011481896,895.6963912413166,2198.876273551921,1311.9766830431024,1427.9091641826965,397.1819066595655,2115.7107158666677,1188.4036122186155,749.9414763962274,3255.418526258992,1080.5764837084853,896.6360660433086,2206.7930198113336,1319.3697112264526,1440.2357281000195,400.12763155444486,2128.4460334178248,1236.1628160172713,763.7639032041603,3321.702519893932,6059991,33540454,1120226,8648542,9590254,18627592,3788403,17908652,8231194,5317367
2025-04-07,1047.0550537109375,869.286865234375,2225.990966796875,1277.6912841796875,1377.3702392578125,398.7038269042969,2035.503173828125,1161.062744140625,732.1978149414062,3234.2294921875,1068.087126837811,880.2413659015269,2238.064197764159,1314.854481252151,1386.3933080363427,400.71675676567065,2081.2006097497115,1166.590714623955,738.8639496862081,3251.368328518194,1031.4683997330853,859.6429587981435,2127.6254940825147,1255.3139009690346,1288.8655111580174,383.09149195819776,1998.4959140155163,1110.415052053189,715.6304557983397,3018.8809120553065,1034.1161611572818,871.8091659837349,2127.6254940825147,1285.3322768617725,1333.241140845937,383.09149195819776,2016.3752027111625,1127.6960086529814,715.6304557983397,3062.296322980731,9720457,37995450,3435185,19185012,21715252,26762866,7139049,22156106,14923235,6623955
2025-04-08,1076.9295654296875,874.9496459960938,2265.42626953125,1289.9466552734375,1408.9755859375,405.08624267578125,2052.783203125,1177.4971923828125,753.4706420898438,3252.899658203125,1084.0234781220995,881.3047212779077,2282.199826221012,1300.0189606799747,1436.2912029581203,408.2774445365288,2077.504701162395,1191.8399338970503,758.764370936846,3308.2680019006634,1059.3946251089444,865.627214750381,2228.910376503984,1277.4927025037578,1395.3670114560523,399.88214085828554,2035.6530505135845,1158.6724733291408,743.2263906334504,3215.70767038631,1060.093978570394,872.8972127135281,2244.6943399778315,1289.8969896705237,1411.1450129990183,404.4480082967242,2060.0748452574194,1167.3378163352843,745.0399507907015,3261.889076504213,8723357,35563872,2774874,13085762,12805001,18600796,4094339,19555040,12911288,5557558
2025-04-09,1060.7435302734375,872.897216796875,2325.544189453125,1290.83984375,1384.2237548828125,408.7684020996094,2050.3359375,1180.6346435546875,727.59033203125,3207.11328125,1080.926233635811,877.8428100931746,2329.650904892404,1295.106846037701,1389.8939742084822,411.4686498505965,2062.6218208464247,1185.0670143686195,752.8334615673064,3230.2285819736,1057.096622447392,867.2097845061305,2265.6737964906083,1274.6646041339118,1362.7262999262337,403.8097773067089,2039.7481694883807,1163.3536863154889,726.4139412123398,3172.9834478453536,1072.1837048584816,872.897216796875,2270.0774382315035,1294.9579703581671,1385.5551200692491,405.52811678460984,2051.6344891131025,1164.8477193030515,751.9021496759307,3220.893565957195,6690201,22454608,2989089,13005622,8546854,21785572,3919578,10223104,11319387,2990265
2025-04-11,1068.0372314453125,893.5450439453125,2341.526123046875,1301.606689453125,1389.89404296875,413.92340087890625,2108.7685546875,1214.1009521484375,739.0109252929688,3192.197021484375,1071.7840295190008,899.8012313652504,2369.927644435778,1314.8544439632922,1418.8369123902967,414.8071422550909,2137.0360113212237,1217.786306450343,744.7458077183372,3258.8266155521846,1056.6470628741667,877.7191458375222,2319.9531820837774,1295.1067945023049,1377.6661874236538,409.4557304346882,2056.1292962396537,1190.3957018139643,731.3154714106737,3167.0071641277755,1062.392153253822,877.7191458375222,2369.6802461073025,1295.1067945023049,1391.669116387415,412.40145511407445,2062.621810412866,1190.3957018139643,744.0595747998677,3249.5410391127716,8144072,32775766,3836083,13064247,12567440,8939356,5594689,11224242,9360327,7108961
2025-04-15,1111.849853515625,922.3037109375,2336.924560546875,1339.8614501953125,1406.21435546875,412.7942199707031,2117.75830078125,1235.1668701171875,748.4710083007812,3208.69384765625,1116.0462184422258,928.1889790664363,2375.0239023131485,1343.9301533432258,1427.6132214230709,421.4350305010776,2144.5274863176114,1246.0235343416643,755.5292930373557,3274.08864453866,1082.0752502891053,917.4075614732249,2320.794141557013,1325.9686484021752,1389.4502292114087,411.4195544215754,2097.182170330214,1232.1788040875913,742.1969641274441,3199.2107519795586,1089.0692731441595,922.3531547965306,2375.0239023131485,1340.655373037739,1425.5423828430714,421.4350305010776,2142.5297895441436,1246.0235343416643,754.8430601068783,3274.08864453866,9320299,49298344,3042779,15202603,10178530,11685880,5635664,13378535,7859090,3512160
2025-04-16,1160.3084716796875,928.7824096679688,2341.971435546875,1346.0140380859375,1393.493408203125,416.7709655761719,2120.95458984375,1234.3701171875,756.5586547851562,3233.982666015625,1162.5065444211673,931.6508778930901,2351.2735152720447,1349.2886972283168,1407.6936342633087,418.3419947920321,2149.122309742634,1235.9637280756608,759.4996019368964,3238.230415776077,1111.6499810412404,920.127621505461,2326.533684513711,1332.6174078978706,1377.4196406823328,410.4376454249374,2110.866367344036,1224.1110419207541,745.5301029661306,3189.727494903794,1121.7413327534418,931.6508778930901,2326.533684513711,1346.6094196449503,1405.2283214187144,410.4376454249374,2117.558602835821,1229.1907298200806,748.4710501178707,3208.6939279027843,12836428,19136820,1131979,14039073,12022740,13034594,2899779,8248464,12536694,2384391
2025-04-17,1189.783203125,942.9762573242188,2350.283935546875,1395.9288330078125,1399.8045654296875,419.5202941894531,2185.580322265625,1269.4300537109375,781.7527465820312,3258.777099609375,1198.1759326401855,949.4055286616835,2355.132845763407,1398.112060263163,1409.9617020085943,420.10944512464874,2191.373448005879,1275.1073305428426,785.2328552596965,3263.420128892314,1152.6148956982988,928.1394773146847,2318.71600795781,1349.6856739861041,1359.1762598672565,413.92340525328643,2095.2842789091937,1222.7165970526498,752.0491936119853,3178.861140676779,1154.613187862119,930.7606659314406,2332.570313262086,1351.5711498907554,1378.6028759920416,417.3110006565654,2112.5644053227365,1235.266450081142,756.8037006997325,3206.026672488032,13446336,35703084,1962402,17490424,14264227,22410217,5388632,15398401,27034818,2932346
2025-04-21,1221.9556884765625,953.0652465820312,2326.53369140625,1399.0052490234375,1430.8675537109375,415.1999206542969,2238.818603515625,1290.346435546875,800.6238403320312,3281.201416015625,1237.6422335650964,964.736834375136,2347.710889958159,1425.004587897116,1451.379004423389,421.336847381582,2258.5958497002844,1295.7249783909904,808.1232195009724,3313.207257273907,1197.0769260268742,944.6082943455999,2324.3566346130488,1393.9442026732427,1390.4364236612141,413.87433848811077,2172.8946121397344,1261.9598099867933,785.6250221604275,3244.1575066096107,1200.9736202361637,951.5321247753582,2343.4558323350475,1425.004587897116,1390.4364236612141,420.3058257121206,2192.47213742545,1264.947875835223,787.1935033394458,3250.084532114573,15166580,34247298,1478430,16882426,15648970,27388236,4886498,10429964,16398507,2432946
2025-04-22,1215.760986328125,970.177001953125,2373.7373046875,1405.6539306640625,1403.058837890625,425.75543212890625,2266.187255859375,1286.0635986328125,806.211669921875,3274.088623046875,1233.9453960091998,974.5785920118833,2380.9613838062305,1407.9363681338637,1420.0201414292796,426.9337040743589,2299.2489909588016,1298.713151385602,819.0537818863039,3293.3514549412,1211.0649266211587,956.9722921478614,2330.5911835069883,1388.1887172069748,1399.6074000468734,415.88723603001415,2242.814057425461,1281.1831879455033,797.9769939622398,3254.9246713743637,1229.3493484820563,956.9722921478614,2345.336026442546,1401.9823098324273,1420.0201414292796,418.24383985184426,2246.4100091412843,1294.8286411452223,804.986275275127,3282.18908375484,8461710,45961750,2352346,16135274,9399738,32031936,6732983,13051707,25117557,2710498
2025-04-23,1205.8695068359375,951.482666015625,2398.576171875,1413.493408203125,1454.4359130859375,423.05517578125,2224.435302734375,1294.82861328125,797.4378051757812,3371.48974609375,1228.9497583930292,978.6834279922238,2412.6283477296524,1418.9512947601793,1467.1569507677636,429.53577622856506,2287.3627495562278,1300.8047453425481,814.6423334645151,3379.2935667052634,1193.8797530955178,949.8011522919606,2368.4923920623105,1400.4937389943566,1419.6256494074153,421.0913592799704,2217.443364198614,1280.286716249035,794.1537117339047,3296.7104876244343,1224.2538202977976,978.6834279922238,2384.9197366810754,1418.0581618237188,1425.9368740316995,428.3083909152653,2282.3685077449695,1291.840547250601,809.740755044151,3324.0735410505326,9433911,30570642,2226066,13990764,11136642,19566317,3523879,10480888,12104382,3543923
2025-04-24,1206.0692138671875,947.9713134765625,2301.101318359375,1391.95947265625,1450.9844970703125,422.2696228027344,2220.43994140625,1296.4222412109375,797.3887939453125,3360.228271484375,1218.9582227468238,951.4826725178812,2461.5142452066652,1410.3178180904442,1462.324935726995,428.16107218939527,2235.3226846753078,1299.3107293954529,802.8785377915959,3370.9956041985065,1198.0760451934377,942.1849333030283,2292.9867017267416,1388.0894318786184,1441.22183449924,421.53319162940176,2211.1506027310375,1285.1672652984741,795.1830836766543,3346.4971849798935,1198.0760451934377,944.6082860062515,2398.576257119483,1405.4554343163697,1449.505309419441,424.0370755980093,2215.445699522745,1287.2588872304611,796.7515648231008,3359.734352714529,9078137,25931754,7065430,15678099,7114292,26064089,4168537,10468940,12713521,2252175
2025-04-25,1165.30419921875,945.2017211914062,2307.929443359375,1394.04345703125,1459.662353515625,420.0603332519531,2201.861328125,1295.22705078125,782.9291381835938,3406.06396484375,1178.8925624152441,955.9831382073318,2317.5284500386565,1403.966886762009,1480.864043581714,424.87170760222523,2230.8279318921905,1319.928323767296,802.8785382468371,3435.5015728669696,1145.0214836623813,935.6073189547307,2270.5227683412163,1377.769008045682,1443.194112173071,415.6417461702055,2175.6915486658468,1282.9759313802824,771.508436630355,3363.5869490408845,1175.9950141977513,951.9277760477684,2307.6325170497216,1399.2035920369979,1455.0276136053067,422.2696267928269,2217.443460798727,1298.3146947064158,798.9572755447768,3378.404512693047,17243807,18500878,2859858,11705093,8329979,22944377,2136003,14431012,13131038,2742991
2025-04-28,1191.781494140625,949.6527709960938,2294.470947265625,1417.8597412109375,1461.5360107421875,421.042236328125,2223.037109375,1363.35498046875,801.260986328125,3401.61865234375,1194.9787128132273,954.3510844810811,2324.554484654395,1424.0122194189871,1468.9319491141807,422.71149230249586,2229.2299207187384,1369.1318351951852,806.6037186789465,3415.7447777461534,1163.3058308336208,943.8170073110313,2290.908315016996,1393.0511659597357,1444.9691810148831,417.06551998951244,2186.878601999368,1314.9482133535364,781.7037366423766,3363.586906121815,1165.3041229955159,945.201737168211,2320.5961117558772,1394.8373106964493,1459.6623489459623,418.9311396302756,2194.4699474268373,1334.669497851195,782.9291312258807,3393.222033047998,5523502,13920492,1555660,10948561,5886253,6287095,2438178,31104496,11317611,1593296
2025-04-29,1186.2862548828125,944.0148315429688,2297.53857421875,1418.85205078125,1476.722412109375,418.29290771484375,2202.460693359375,1394.1319580078125,796.5554809570312,3430.265869140625,1208.966823361088,953.9060177059462,2308.2262295178502,1427.2869661678633,1488.8517996048886,421.82778335059663,2244.412325613839,1405.2874774645995,812.6816855994211,3452.492213865078,1183.3887066980697,939.761573196081,2288.533420705551,1411.7071085959242,1453.6470595242981,417.31099948077133,2196.2678821318004,1364.5501529607263,793.075372315961,3388.6778120988047,1192.9804852009415,948.9604246244575,2303.773059943218,1417.8597077945897,1461.4374722845366,421.14043560056143,2223.0370676755906,1365.5461749701867,803.858844621864,3412.9787121327167,6074520,18918308,1896387,10786910,8056743,11189930,3058265,32538970,11283059,1578332
2025-04-30,1183.9881591796875,952.0266723632812,2317.7265625,1416.073486328125,1479.2862548828125,418.0965270996094,2205.55712890625,1399.410888671875,773.1259765625,3411.694580078125,1192.8805840933246,957.9119402302744,2328.0182361708376,1422.7221360927958,1487.8656155741658,421.5332060258665,2228.4306584709307,1406.7814756764847,795.5261656735474,3467.2110034862103,1173.996697920787,944.7566746500019,2291.8980807530966,1389.2802248488963,1462.0290654409305,414.3652876801437,2185.6799005181533,1363.5540972183608,769.0576426012298,3325.061273098265,1184.0880493990605,946.0919606394582,2295.8564539495615,1422.0275444346203,1476.0321142425894,419.6675863161336,2211.3502542216997,1396.4228227174156,795.5261656735474,3429.772055911222,6288257,31936870,2083807,14192027,7704183,10026546,4622917,25480745,25635764,2809332
2025-05-02,1182.3895263671875,950.4935913085938,2294.470947265625,1419.149658203125,1485.991943359375,421.7295837402344,2179.1875,1414.152099609375,781.0175170898438,3389.2705078125,1209.4663614496308,960.3847779388492,2320.5961117558772,1435.5233172200462,1502.065710329334,423.69340019536935,2221.039394169899,1421.024554216323,787.5856441366993,3449.034677361511,1179.092295430584,949.5539165045171,2285.960348893849,1413.6917718641512,1475.4403325201433,416.42728530446215,2168.6995918265093,1403.4945911426703,773.4690743593894,3378.4042951672254,1181.0905876428099,954.4006221017471,2309.8096422473805,1415.9742091510598,1478.8917703842976,416.42728530446215,2201.461868035594,1408.3751233126775,774.7924765987593,3429.7718458539784,5249372,17840404,1424284,8842434,7402310,9263372,1815806,13007841,14720184,1721761
2025-05-05,1172.1981201171875,957.8624877929688,2324.158935546875,1418.455078125,1487.6683349609375,429.0448303222656,2082.498779296875,1425.6063232421875,774.4494018554688,3412.287109375,1188.9838228735969,965.3797650940681,2330.3931800959,1435.7218701832576,1501.8685607929344,430.56677615372786,2131.3426087999947,1433.773654928142,783.2722431424297,3461.87650342117,1163.305817670235,955.6369709164711,2294.9659330144073,1415.081087769954,1481.9488814793483,421.5823214813549,2055.6298568459265,1421.2238021682567,766.606876267059,3404.4830484567965,1188.9838228735969,958.9504941175195,2299.913899545334,1428.9738894731652,1493.979559817003,422.4660329307672,2102.67571058866,1425.3074680112338,766.606876267059,3408.0393599095555,7236056,15068024,2074103,4565705,4282493,11525305,8821617,12685649,23986447,1284443
2025-05-06,1160.4083251953125,955.3402099609375,2357.01318359375,1420.63818359375,1490.528076171875,427.6701354980469,2071.611572265625,1415.2476806640625,758.8623657226562,3417.91796875,1177.7934920320934,959.4945203042904,2365.2268556532445,1422.7220796211836,1494.571164972708,431.69596540271175,2088.9914368035247,1426.3035005201455,783.4193220780548,3430.759857071893,1156.711411381114,951.6805193063512,2315.846008934059,1409.5239906903596,1478.3001009589232,425.16628139288804,2062.621936706131,1404.9886054552057,755.9214185982945,3395.1977047958817,1176.9941263517048,954.4994832691565,2315.846008934059,1418.0581160771362,1485.1043881672801,429.5848686129065,2083.597753011617,1425.3074785225756,778.3216684290833,3417.91796875,5348267,17490156,1888125,6301690,4270530,15026568,3405097,14084117,18869468,1324763
2025-05-07,1160.3084716796875,962.214599609375,2346.127685546875,1424.4091796875,1487.37255859375,423.3497314453125,2092.4873046875,1400.4068603515625,760.822998046875,3403.19921875,1167.6021653881123,963.7477214250881,2362.0599916411525,1430.9586193213472,1497.72687229769,427.13008416028316,2099.3795045978086,1418.733688530858,766.9990348823832,3417.4239829127787,1151.9156196344402,950.7408475493813,2330.7889904325607,1410.119416127347,1475.8348225262564,421.9259824773884,2052.1339290105366,1397.1199392858432,749.5003635713141,3378.997198925932,1158.0103867504365,956.4777235793782,2344.346369407166,1414.0887881642996,1479.1876719914237,425.5590249840726,2061.323285031488,1415.2476117092147,750.2356003532819,3378.997198925932,4263817,21420778,1610400,10480453,5691799,9710361,3739456,13440169,15586266,1477128
2025-05-08,1171.198974609375,953.7576293945312,2330.39306640625,1424.5084228515625,1490.4295654296875,422.8096923828125,2110.167236328125,1401.4029541015625,753.8627319335938,3406.952880859375,1177.9932166726269,966.764563396747,2347.2161517906766,1437.8058437113664,1495.4587795844232,423.6934038020536,2136.2370333629433,1415.1481063364454,771.0182557422255,3434.7112128994936,1164.6046349397911,949.1087598060392,2316.6378167613034,1415.1803741209164,1480.371016743612,415.88722134025767,2092.487424485608,1392.438756100913,748.9611537025561,3386.998610284149,1169.000902041538,966.764563396747,2337.1223488800038,1427.5846620245352,1487.0767158676624,421.2386332122387,2096.582800486756,1398.51446598441,763.6658883956691,3406.063923519544,9912347,34803430,2323073,15306490,8424409,19937960,6924871,16106175,14491673,2543591
2025-05-09,1150.1170654296875,934.5687255859375,2308.6220703125,1378.2652587890625,1486.6822509765625,415.8872375488281,2100.67822265625,1371.721435546875,763.9110107421875,3398.457763671875,1171.1990240051655,949.0593378526761,2318.3201327934576,1409.0278927234135,1490.429574694462,421.38592987740896,2117.558663515007,1389.251519832932,766.312796178702,3404.2859090779284,1147.5193099310263,933.1345518505561,2278.3406608514556,1376.379782804671,1473.3695614613061,415.34719998420627,2072.610484336623,1369.032224808638,740.6285128209466,3356.7710649388723,1159.0094902220203,944.6577478176147,2305.7523464354463,1404.3638078003796,1479.8779633712215,418.24384137926455,2072.610484336623,1379.9884666950659,741.6088285228935,3357.6600223156292,5379571,17188796,1805685,13491197,4478653,8226512,4654300,13668904,13578216,2531757
2025-05-12,1201.9727783203125,967.9514770507812,2357.7060546875,1437.4088134765625,1604.3270263671875,427.6210632324219,2142.52978515625,1430.7855224609375,785.8701171875,3576.366943359375,1207.9676550201646,969.2868234375189,2362.1592245704355,1441.8743569081432,1609.356240543565,428.3084110263286,2161.108462655239,1433.275577320772,788.0758275471601,3586.344199009816,1174.1964674912338,945.7458118774061,2321.68495494106,1393.249550653154,1510.743725804376,420.40403125825395,2123.65164822943,1394.430721507353,777.390362315762,3459.604594038759,1183.9881482207568,948.3669400510574,2335.440205272823,1398.6082269981746,1515.6743515413355,421.7296134519522,2131.5424529246793,1394.430721507353,783.272256608189,3462.370587392757,7616208,18618972,1274873,9925445,11372857,8031891,3021874,10674081,15096824,2228678
2025-05-13,1192.580810546875,950.8397216796875,2335.440185546875,1419.6458740234375,1546.8358154296875,420.1585388183594,2113.163818359375,1410.0682373046875,785.9680786132812,3472.2490234375,1213.7627819342401,970.1769787149088,2373.0447309073757,1436.8134564073198,1589.8308459268644,430.026734819032,2143.6286952193086,1441.9409399606418,791.7519649275839,3578.935479918652,1188.983908829347,949.5538795420097,2328.3151621143443,1416.4704248722041,1542.8913150101926,417.654684739414,2098.680516245636,1406.7814377941193,781.5076543371932,3467.803754417452,1204.17088139939,964.3906589098536,2350.87793765063,1429.0731325397105,1586.675293741908,427.0318966442069,2132.5413801953446,1427.7974767909468,782.880060357833,3576.3670057941126,5569926,24242102,1929665,12475424,12846210,14976369,4307824,11407896,13909596,3062887
2025-05-14,1194.4791259765625,944.905029296875,2326.0390625,1415.279541015625,1570.3056640625,421.33685302734375,2089.990234375,1418.7337646484375,784.9387817382812,3505.5390625,1198.3758200404661,954.5983799416475,2345.336131940013,1429.6685145448027,1572.8695652973822,424.0371008235316,2117.4585645832617,1424.2118856620737,791.6049164362635,3517.689512589028,1184.887348103466,941.1463905208625,2314.1639428446074,1406.4477852062123,1547.7233747550104,418.1947345146855,2081.6000056006264,1409.8691445094285,780.6253687864404,3465.9269214811093,1194.8788087975402,950.5924615044366,2345.336131940013,1418.9512828044426,1552.1609377918994,419.3730364482981,2108.5689116232834,1414.3512435205853,789.8893639857823,3478.1760106222882,4084921,15445308,1568111,8026837,4870057,9557309,2137594,5570160,9281719,2119499
2025-05-15,1208.0675048828125,956.3788452148438,2330.68994140625,1439.6912841796875,1590.6197509765625,424.8226013183594,2103.97412109375,1448.4151611328125,791.8499755859375,3536.359619140625,1215.960783333823,961.818997780637,2345.2369136573343,1445.3475908699352,1596.1420273386075,427.52284902460343,2109.5677695416243,1455.5865925696291,793.516524177251,3556.21525075921,1183.9881086693347,938.1790379372403,2315.6481725371023,1404.6615275498752,1549.2024976963296,418.2929174036252,2063.0213376888228,1407.0802476372012,778.8607930709097,3471.360099994329,1195.9778616685178,946.33926678593,2327.1275507161395,1414.9819190581854,1567.7416973152629,421.3368389928473,2082.698845778276,1419.3313670179805,788.6149458696933,3520.653098251618,6705748,32241458,3236681,18209264,11151167,24263510,4262359,20177211,17058854,3548330
2025-05-16,1207.767822265625,956.8239135742188,2356.617431640625,1442.86669921875,1567.84033203125,427.81744384765625,2105.772216796875,1450.6064453125,792.0999755859375,3517.98583984375,1212.2639795957512,961.324451783302,2362.159250863268,1447.5306627908633,1590.2253238143162,428.3083979810754,2112.464452523276,1455.1881221330052,804.0,3550.1891985825587,1202.1725066819429,953.7082260114057,2324.5547047665755,1435.920298328426,1559.5568570553514,424.2825680939457,2087.6932064828343,1441.542669553187,791.0,3502.970757638989,1204.9701644737838,956.3788584731112,2335.4402312682496,1442.172107583965,1590.2253238143162,427.03189925490824,2097.4817260345503,1447.4191020051853,804.0,3550.1891985825587,4016269,15868010,1473000,6439208,4576751,16402035,2057908,9036695,14733924,1666727
2025-05-19,1201.77294921875,958.8021240234375,2357.90380859375,1437.905029296875,1538.157958984375,427.4737548828125,2108.7685546875,1435.0684814453125,795.0,3476.0029296875,1217.959066866477,961.9178718699294,2379.971786577214,1448.5230511072755,1563.0082630282545,430.56675982116076,2121.553862138948,1448.81351147394,801.4000244140625,3506.8234139931265,1200.0743277095955,954.9940414297346,2350.283988823652,1432.7448940711074,1534.1147498260523,424.822590669679,2097.9809439047326,1432.4787270944578,792.0999755859375,3461.086485739748,1206.9684600284695,957.9613973326752,2350.283988823652,1435.4241717584057,1554.62619978804,427.1300810084491,2099.57919878346,1446.3234565863577,792.0999755859375,3506.8234139931265,4550022,10202964,936655,6005334,8855798,7543854,1505704,6195791,10666184,2537377
2025-05-20,1194.7789306640625,947.0316772460938,2316.73681640625,1427.1876220703125,1538.94677734375,427.0318908691406,2087.693115234375,1418.932861328125,785.6500244140625,3455.752197265625,1209.666109675897,956.7744719414333,2369.680054417226,1447.8284044606678,1561.529065774123,432.82514353663043,2115.4609053588933,1439.2517336495314,799.4000244140625,3514.726051583229,1191.8813826402697,946.0920024407687,2314.1637773582756,1424.5083444847762,1536.382876208452,425.068074374028,2082.299187618502,1416.1440727881434,783.7999877929688,3451.5044475075333,1206.9684640476505,953.5598362823298,2369.680054417226,1439.0957378026826,1548.2163771805324,429.09390418210114,2112.36462166891,1432.4787356808251,798.1500244140625,3488.8447556489973,4724482,23879090,1617408,11352383,7143998,9868414,3909098,11270560,11324667,2038374
2025-05-21,1196.7772216796875,952.9169311523438,2339.29931640625,1433.637939453125,1546.7371826171875,425.1662902832031,2068.914794921875,1423.5145263671875,787.0999755859375,3482.917724609375,1203.8711344442138,962.8575615064055,2350.97656472367,1440.1875004165765,1549.2024953086398,430.27222538595333,2093.886005588485,1430.486680037078,791.0,3493.9814570703943,1181.6900183206467,950.0979067784382,2320.5961011859085,1427.485461067875,1530.564707285941,424.184381991556,2057.6277589286715,1412.458707007589,779.0999755859375,3455.752191652226,1196.0777462450546,953.0158188688971,2321.5856944060306,1431.8517946649677,1546.145531646558,428.70116612622536,2092.5874538619255,1418.235682967954,787.0,3465.334167770128,3712472,15132040,1570754,5510460,4157309,5776672,2141740,6136364,8206040,1440153
2025-05-22,1187.485107421875,949.5044555664062,2306.445068359375,1431.057861328125,1526.028564453125,418.39111328125,2063.421142578125,1403.79345703125,785.25,3434.711181640625,1195.6780564317094,951.6310244310523,2338.5080364112832,1434.2334317099203,1539.1440761948634,425.1662742449478,2075.2076028646466,1418.1361984129633,788.2000122070312,3455.2582510362627,1176.4945006220091,942.234397301331,2289.028371145926,1416.867428660744,1518.6326263378432,415.248994880322,2048.3384336893455,1391.3431818014155,780.2999877929688,3409.323804689904,1195.6780564317094,947.1799905275001,2330.492233998324,1430.0655182967434,1533.9175651094254,425.1662742449478,2071.61165096046,1415.5464438973825,788.0,3452.492257645667,4795583,21306670,2423653,7245933,6158990,19451749,3289328,12134466,7355826,2034383
2025-05-23,1209.066650390625,956.2799072265625,2334.6484375,1438.698974609375,1543.088623046875,428.40655517578125,2098.380615234375,1421.124267578125,790.5,3471.853759765625,1212.0640886389942,957.9614210206772,2339.8933302481155,1440.6836606711147,1565.1777292492216,431.05771942265187,2106.8708260183294,1428.0964217220903,794.9500122070312,3492.005548214681,1187.0854365692512,946.8338361094924,2305.356621125489,1423.4168677068544,1528.4939232420525,421.2386369756667,2063.420923771034,1401.0045498118507,786.2000122070312,3423.4497224636393,1187.485119395582,949.6033562798515,2312.5804588503333,1431.1570706662649,1528.4939232420525,426.14817819915925,2063.420923771034,1401.0045498118507,787.9000244140625,3434.7109734490655,3676469,9566072,844118,5203706,5038421,18536884,1650953,6474883,5534158,1274331
2025-05-26,1214.162353515625,959.5439453125,2369.185302734375,1449.4161376953125,1558.5706787109375,434.8871765136719,2086.89404296875,1429.0924072265625,794.4000244140625,3494.27783203125,1223.1546688717133,964.3412068231021,2372.3519528227716,1460.331910515487,1561.8249396042181,435.5254109103499,2109.567853225366,1435.2676949623963,797.5499877929688,3501.884132971573,1207.6679035362279,952.966342738162,2339.4975051558145,1443.8590412139838,1541.0176042515016,428.8484465112427,2082.698928396163,1419.430920923106,789.2000122070312,3467.4086987656956,1215.1614996663016,956.9722610590912,2343.3568222010613,1446.8360701649403,1544.8635161135799,430.32130894917486,2087.6931704729277,1426.3034970063507,792.0,3478.176031648211,3607612,10802860,892618,5608725,3170102,13107662,2040285,4842944,4965466,967470
2025-05-27,1194.5791015625,952.6696166992188,2355.429931640625,1435.324951171875,1548.3150634765625,426.04998779296875,2075.007568359375,1416.44287109375,793.7000122070312,3456.147216796875,1215.6610607404325,963.4015295068202,2384.4250637404803,1451.7978208795425,1560.9375134619054,436.1636608448351,2096.5827913404937,1431.2836233071982,801.3499755859375,3496.944956186642,1189.3835904167063,947.7240236319352,2335.737121549558,1424.7068083036186,1534.805197163501,423.0551795877558,2058.8262730532724,1408.275539274527,790.0499877929688,3440.7370955910233,1214.1623415292133,955.2907448022735,2369.185423513216,1441.3782192942826,1557.9791380318973,434.8871621282408,2087.593155741606,1420.4269591196573,794.4000244140625,3489.042255720683,7249163,26162148,1865258,14842959,7775714,26986022,3459940,12640414,11995043,2467680
2025-05-28,1193.6798095703125,951.2848510742188,2337.419189453125,1442.6683349609375,1549.991455078125,420.20001220703125,2071.9111328125,1407.279541015625,796.5499877929688,3455.1591796875,1201.1734053999564,956.7250035888101,2363.1486132150985,1446.836127202333,1565.6707476113982,422.6000061035156,2078.0039612895994,1416.9409060075968,798.9000244140625,3486.0785417090847,1190.6823712384548,948.4163828726663,2327.5232572369814,1431.454810349359,1548.216381776405,413.0,2061.0235397359716,1405.0882196135674,792.6500244140625,3450.5163916661472,1194.5790654630853,949.652781171437,2363.1486132150985,1436.5157355383742,1559.0637576996792,417.70001220703125,2072.610277869288,1414.4508509493858,794.5,3477.1880041983504,3525421,18157594,897517,8618343,3623370,431851622,1634636,5944611,6873519,1222933
2025-05-29,1200.673828125,953.2630615234375,2342.0703125,1445.3475341796875,1563.5999755859375,418.75,2079.202880859375,1412.1600341796875,797.3499755859375,3455.5546875,1207.9676434933178,959.8407244361792,2351.2735781080323,1451.698553407669,1586.5767391705513,422.79998779296875,2093.5861999565104,1414.3512339364067,800.4000244140625,3489.536203315723,1187.984721351162,943.2729876989366,2330.986916344053,1433.9355900375203,1554.7248494526432,416.6000061035156,2052.6334164649948,1402.996558868143,791.3499755859375,3444.0956752612224,1198.9753285293477,953.5103411762321,2344.346425310576,1445.4467442494526,1566.9528250893914,422.0,2074.9077840627615,1406.4826358531975,799.0,3462.0742707354857,7788068,28917794,1111275,15545514,8609500,21478547,4987382,13771917,14034127,3188072
2025-05-30,1191.181884765625,961.868408203125,2323.86181640625,1434.7296142578125,1562.699951171875,418.04998779296875,2072.310791015625,1415.2476806640625,812.2999877929688,3421.2763671875,1207.767806945901,963.7972015745158,2350.1848512065976,1449.7139699197687,1572.0,420.04998779296875,2087.792941696064,1424.9090454066043,814.5,3464.049779998847,1188.584129401051,952.2245017171803,2319.111720610727,1433.2410996992944,1555.0999755859375,416.3999938964844,2063.1214342223575,1404.0921613404494,792.5999755859375,3411.10183367777,1200.3741017035964,955.4391372124952,2335.4400088079005,1448.7216268807567,1571.0,419.1000061035156,2079.202991505186,1412.3591925541664,798.0,3447.5529416641066,9998488,28748078,3288892,11803975,13148092,30656239,9807728,13788484,22037314,3404365
2025-06-02,1193.380126953125,955.5380249023438,2346.91943359375,1439.3935546875,1553.800048828125,419.29998779296875,2061.2236328125,1408.0762939453125,813.6500244140625,3407.842041015625,1199.8745766070429,957.4668182736877,2359.1902931766836,1448.8208134048605,1560.0,420.45001220703125,2073.4095343848,1411.8612262898896,822.5499877929688,3417.91793582919,1178.1930330443174,943.6191576788204,2319.2108227678495,1421.8291316367724,1539.0,414.54998779296875,2048.8377664748505,1390.0483195350275,809.2000122070312,3377.0215575741954,1188.7840792835677,954.5489062884246,2323.465880436182,1430.9586389930196,1560.0,418.29998779296875,2064.6196197908644,1406.4826830156508,812.8499755859375,3408.039560292111,3761853,14668822,1178205,9458990,4374509,14973380,2701140,8098668,26891575,1877585
2025-06-03,1180.4910888671875,951.828857421875,2327.8203125,1426.8900146484375,1543.0,416.95001220703125,2042.1455078125,1399.908935546875,809.7999877929688,3363.784423828125,1197.8762549838802,965.3797948957408,2354.737201299302,1443.8590556109682,1567.300048828125,421.70001220703125,2073.409510800354,1420.8253977642241,818.4000244140625,3431.2537776661225,1173.8967491583935,949.5538966187614,2318.2213060384743,1421.035166759386,1535.5999755859375,415.6499938964844,2031.8573207522873,1397.8173136420837,805.1500244140625,3359.1416355127826,1193.9795608940237,958.4559643995623,2340.4871547584717,1443.7598455387374,1559.0,419.0,2067.6161414389217,1416.6421539546416,816.2000122070312,3404.0882446631517,8155665,24377584,1643913,11167345,6853403,13216486,6463818,11252626,14247597,2848125
2025-06-04,1170.0001220703125,960.0385131835938,2339.893310546875,1420.0428466796875,1551.199951171875,417.0,2043.9434814453125,1417.8372802734375,806.5,3369.465087890625,1190.282837362319,961.077136036551,2342.9611463548267,1429.0731438395549,1557.300048828125,419.0,2056.129382865774,1420.0284799827916,817.0,3383.3182215676084,1167.6021469572256,949.9989953634222,2317.726517714968,1415.4780930628378,1541.4000244140625,415.95001220703125,2038.4498153749885,1400.506473605418,805.25,3358.6020509863906,1180.7909490961636,950.0484392204654,2334.9453441469027,1426.3938661679927,1543.0,417.1499938964844,2044.7424869886104,1409.0722382665938,817.0,3377.5377895527827,4306355,12961542,3287896,8025388,4548307,12598933,2331114,8126827,9607927,2544807
2025-06-05,1158.0103759765625,964.1928100585938,2351.66943359375,1443.66064453125,1554.300048828125,419.1000061035156,2037.55078125,1436.662109375,806.0,3359.6982421875,1174.4962872825274,968.7922357487674,2355.2320661320723,1447.8284366760695,1567.699951171875,420.95001220703125,2054.031657157544,1448.913106617055,811.7000122070312,3397.4699581243544,1156.0120836970516,959.5439405120651,2324.4556177035684,1416.3712120373557,1541.5999755859375,415.75,2031.8572724756484,1417.9368477633755,802.8499755859375,3352.3231247435624,1171.498848863261,963.4015272438888,2339.893369903061,1419.9436226094324,1547.9000244140625,418.5,2052.433646107182,1422.3193687346825,808.7000122070312,3397.4699581243544,10481600,22255418,1787978,11385668,6948539,13212523,3725332,13716817,13595507,3584683
2025-06-06,1193.5799560546875,978.58447265625,2364.929931640625,1448.5230712890625,1563.800048828125,421.04998779296875,2071.01220703125,1437.7576904296875,813.0499877929688,3372.75390625,1200.1742961943326,987.2887647210674,2371.5601579119266,1450.2101271201,1568.9000244140625,421.29998779296875,2082.4989638088196,1445.7258660607492,816.4500122070312,3379.4311968394054,1150.216989127201,960.780337676229,2345.4349934757893,1431.0578582020253,1543.0999755859375,419.0,2031.4579560954785,1431.28354772945,803.0999755859375,3347.3401523789876,1157.9104875951884,961.4232889211333,2348.6016434680623,1437.5080878919146,1554.699951171875,420.29998779296875,2041.5463007054832,1435.2676355449807,806.6500244140625,3359.6983590738273,14715421,30127008,997488,11580994,3960020,8774988,4424324,8182161,17163935,2070390
2025-06-09,1218.8583984375,978.6834716796875,2368.294677734375,1423.8138427734375,1572.9000244140625,423.04998779296875,2135.737548828125,1443.0367431640625,820.0499877929688,3410.326416015625,1223.4544462802078,986.6458648304325,2374.0343672925005,1455.5688200651953,1588.0,423.6000061035156,2139.932663235504,1451.70208605586,824.5,3422.3855889461993,1205.1700231639036,977.1997936874614,2353.5498339522305,1422.4245382897982,1571.0,420.5,2087.5931058759884,1439.5506661134996,815.7000122070312,3379.431263640164,1211.4646926212756,986.6458648304325,2369.0864007078976,1453.7825541382838,1578.0,422.0,2108.5689217723498,1451.204075048637,817.4000244140625,3388.500583115049,9138108,13202588,1293622,11022031,2903202,10473123,5779088,7885125,12793040,1718678
2025-06-10,1231.747314453125,971.9574584960938,2370.273681640625,1412.0048828125,1596.0,427.0,2148.622802734375,1432.777587890625,817.0499877929688,3451.187744140625,1234.8446428531997,980.6122466205961,2375.2216478437826,1430.660858582463,1607.5,428.54998779296875,2170.3975018744813,1448.1163503747662,822.0499877929688,3474.0104381585516,1217.3595867620518,969.8802731236067,2353.648466878033,1405.6538633679,1577.5,423.04998779296875,2135.737512586724,1430.2875329933524,814.5999755859375,3411.6220654345716,1223.3544631361597,980.6122466205961,2368.4923654875056,1427.9815809293386,1584.0,424.5,2144.2277236387995,1444.2318404180787,821.0,3428.365293437595,7747558,15533126,1778782,12905272,8591925,13041075,4915742,7913181,6560513,2419874
2025-06-11,1230.3485107421875,964.5885009765625,2351.66943359375,1420.0428466796875,1631.0999755859375,426.1499938964844,2142.82958984375,1443.13623046875,815.0499877929688,3460.1572265625,1240.73965439643,973.0948970543277,2377.893656178834,1423.5160472131458,1634.5999755859375,428.1000061035156,2158.211758152056,1462.7578142878924,820.5999755859375,3477.1994881899896,1227.051279882547,962.9069872297456,2346.6226526977093,1407.737769134025,1590.0999755859375,424.8500061035156,2130.5437053588143,1437.3592545136698,813.0499877929688,3437.4345354790357,1231.547437255107,973.0948970543277,2370.2738360495687,1410.9133394459884,1590.0999755859375,428.0,2146.525280270085,1440.0485867347081,817.0,3458.2637500771752,4135775,11096394,1977707,7136877,10597410,20789182,1782061,8195700,7197825,2847013
2025-06-12,1211.8643798828125,961.1265869140625,2308.424072265625,1414.2872314453125,1608.5999755859375,421.0,2124.350830078125,1435.865234375,805.9500122070312,3422.584716796875,1236.0436677299426,969.8308188025967,2363.148626037823,1425.5007560873705,1628.0,427.20001220703125,2146.325494921428,1451.2039968882907,816.5,3462.9477367145046,1209.766197378075,957.1206685281417,2299.913715473508,1409.127096167119,1598.0999755859375,419.54998779296875,2119.7560298852814,1428.6939248911115,801.2000122070312,3411.6219212636915,1229.9489006576741,964.3906663258866,2362.0599768481766,1419.5466979345517,1617.0,427.0,2142.829525514539,1447.7179200254843,816.0,3460.1571582794445,3461744,16349130,3339584,7953247,10483574,18508835,2978172,8828114,13448521,4060134
2025-06-13,1204.7703857421875,948.366943359375,2294.86669921875,1405.2569580078125,1602.0,413.8999938964844,2104.972900390625,1422.2198486328125,792.3499755859375,3434.0458984375,1210.6652500104622,955.9831689888948,2300.705202632857,1410.6156346634868,1609.0,419.3500061035156,2119.5561837414893,1429.7895915718395,796.2999877929688,3438.8297125316194,1194.5790225999053,946.0919825534174,2278.0436143171896,1392.8526699787633,1570.199951171875,413.5,2069.613766593952,1408.6739736495979,786.25,3381.723464034396,1196.9769975725644,949.5538978058345,2281.0123940057,1392.8526699787633,1576.0,415.0,2069.613766593952,1418.335338487147,786.25,3381.723464034396,3906868,12117762,1740682,7573103,6968315,17873926,4467274,9757276,11377117,2178493
2025-06-16,1214.3621826171875,957.1701049804688,2303.17919921875,1415.9742431640625,1623.800048828125,418.20001220703125,2136.53662109375,1432.0804443359375,792.5,3484.474853515625,1216.9599380589093,958.9010625733033,2312.2836502635237,1418.0581392255135,1634.800048828125,418.8999938964844,2142.2300079180404,1436.6621211041454,795.4000244140625,3497.131850878911,1194.9787240709816,949.6033233548168,2289.0282092337566,1403.3714144517853,1597.0999755859375,413.25,2086.394482685228,1418.7337255535563,786.1500244140625,3414.6118485958773,1205.070075190406,951.5321167467487,2295.856305917426,1405.7530618658518,1600.0,414.95001220703125,2105.472339858514,1421.223780491138,792.5,3428.365222862198,5697424,16513746,1105297,5451137,5591842,7006629,2941596,8458093,8085001,1934088
2025-06-17,1214.0623779296875,954.3016357421875,2304.366943359375,1412.302490234375,1639.9000244140625,417.3999938964844,2134.33935546875,1425.506591796875,792.2999877929688,3503.41064453125,1225.9522406799451,960.2363474823392,2308.820112993592,1418.8520508551696,1647.4000244140625,419.04998779296875,2153.3174754740103,1442.2398094911548,798.8499755859375,3508.094699586469,1210.2656960037218,949.1087629695547,2289.028247952628,1406.9439350146247,1615.5999755859375,415.70001220703125,2127.746858344184,1420.12817043809,790.5499877929688,3476.302688697425,1214.3621705402443,957.9613867228163,2295.8563447517945,1415.9742319665809,1620.699951171875,418.1000061035156,2136.5367732237796,1442.2398094911548,794.0,3498.1285214626437,4492946,16978736,1119284,6970098,7622083,9028406,3108300,10366599,7753156,2111940
2025-06-18,1219.9573974609375,956.4282836914062,2273.392578125,1401.78369140625,1632.9000244140625,415.8999938964844,2129.944091796875,1424.4110107421875,791.9000244140625,3439.7265625,1222.2554822950017,957.615238136921,2307.1375623455488,1421.0351697486842,1644.699951171875,418.45001220703125,2134.938333471375,1437.0605628519918,795.5,3526.033760927228,1202.872023413054,948.0702190858784,2261.715329678043,1399.402043989603,1621.0,414.8999938964844,2106.2714350316373,1420.028489708749,788.3499755859375,3431.4548294482115,1208.7670098415024,948.0702190858784,2303.4761157104626,1406.150024814166,1621.0,417.0,2122.552711662398,1424.3114328610282,792.5,3507.19778191584,3135662,18433816,2056563,6751745,5629707,8036215,3900651,6681735,5710169,2696327
2025-06-19,1216.4603271484375,957.1206665039062,2270.32470703125,1400.4937744140625,1618.4000244140625,416.0,2143.927978515625,1427.598388671875,785.0999755859375,3412.41943359375,1226.751580345239,962.8080986266202,2283.7832714040937,1403.8676438261634,1630.0,418.25,2152.218468505972,1434.1721095891817,793.25,3439.3281148750093,1212.763535515606,952.3234049256197,2266.4653901301654,1393.9442134714564,1611.5,414.79998779296875,2130.643490686871,1420.0285241646616,781.7000122070312,3401.4566375162,1216.9599001780673,956.4282713886781,2276.163451963547,1397.2189939427594,1623.9000244140625,415.6499938964844,2137.0360225163545,1424.4110453044384,792.3499755859375,3438.331497049777,4243763,16876220,1214549,8849883,5147760,12601006,3405199,10007230,11824333,2672768
2025-06-20,1219.6575927734375,971.66064453125,2282.199951171875,1416.1727294921875,1622.9000244140625,418.54998779296875,2167.30126953125,1460.367431640625,796.1500244140625,3424.07958984375,1224.9531158781012,974.2323891455358,2288.9292337285015,1422.3253290273638,1630.699951171875,419.5,2173.4940807320304,1465.148385952672,799.4500122070312,3434.6438354271677,1213.1631431378685,955.2907435737949,2268.5435157245875,1399.4021078732494,1608.9000244140625,416.0,2128.84560679771,1422.4190171371765,786.0999755859375,3399.3634207293467,1216.4603740469724,955.2907435737949,2271.116554866801,1400.4937821267788,1619.0,416.0,2142.5297808686605,1425.3075053013417,787.5,3413.415828473248,4652390,32900408,2685864,12408178,9202821,13203184,3372636,29010635,11367669,2351248
2025-06-23,1213.063232421875,963.599365234375,2275.10009765625,1409.226318359375,1584.0,413.8999938964844,2181.5849609375,1451.0048828125,790.2000122070312,3382.122314453125,1221.855766720184,968.2976786479562,2286.0,1412.3025575376569,1601.0,417.5,2187.178365848864,1457.9770367383994,794.9500122070312,3413.416016519491,1204.5704907342642,960.3352858844046,2258.699951171875,1401.0891539348067,1575.4000244140625,411.75,2148.7227011628797,1436.2637087352834,788.5,3358.6020366921707,1211.5645133005319,963.599365234375,2283.39990234375,1406.1500791810931,1601.0,417.0,2155.6149016690433,1447.2199506188397,790.0,3403.4498383690693,2312469,11739518,842856,5514384,7943676,14839890,1720614,5989078,5549253,3123421
2025-06-24,1220.1572265625,969.7813720703125,2263.10009765625,1413.1956787109375,1581.5999755859375,414.3500061035156,2221.039306640625,1445.0286865234375,795.4000244140625,3378.932861328125,1237.3426134794584,978.7328835903426,2301.0,1424.9053748687675,1609.0,420.6499938964844,2231.0277902217404,1469.1323689599471,806.6500244140625,3430.4581957754644,1214.5620325296159,967.1601835545366,2260.300048828125,1405.6538959425357,1576.5999755859375,413.75,2188.876194421863,1437.359244595668,793.6500244140625,3370.561369209563,1221.85584819293,971.8090531859641,2295.0,1416.7680893764307,1601.0,416.8999938964844,2205.4571747102996,1459.1721495093714,799.0,3422.983562342859,6745788,22625322,2440747,11188438,8083992,16690068,5604520,16402744,11402190,3403048
2025-06-25,1212.2640380859375,979.3263549804688,2278.699951171875,1414.8826904296875,1614.9000244140625,416.3500061035156,2195.7685546875,1461.463134765625,800.0499877929688,3433.14892578125,1225.2529376663326,980.2165859172948,2290.5,1417.9589294864209,1619.9000244140625,418.1499938964844,2221.039468764252,1466.5428226679085,803.7999877929688,3438.331289496645,1209.9659532198973,971.2650741745935,2271.39990234375,1404.463088984364,1585.0999755859375,415.1000061035156,2188.4769123691435,1454.690136506102,796.0999755859375,3388.5004012430704,1225.2529376663326,972.3036366868827,2279.0,1411.1117385952273,1590.0,416.3999938964844,2220.4400621618465,1458.1762135192969,799.5,3395.775759591069,4229259,18405932,1047270,7527388,7813533,9946718,3575429,7525851,6528324,1757699
2025-06-26,1232.44677734375,999.9000244140625,2280.800048828125,1428.080810546875,1616.0,420.29998779296875,2201.36181640625,1489.3516845703125,797.0499877929688,3430.1591796875,1237.9420811746302,1002.5211525011852,2291.0,1436.4165161110168,1624.0,420.8999938964844,2207.4548889829753,1492.8377614283193,803.3499755859375,3439.7265645422617,1210.1657693884756,979.2274213700686,2271.60009765625,1410.814017835929,1606.5999755859375,416.25,2177.4894380013056,1459.2717484446844,791.4000244140625,3403.748808087712,1214.162353992752,979.9198164694815,2288.89990234375,1413.8903780949927,1608.800048828125,417.20001220703125,2199.8635438571664,1463.2558362824063,802.0,3433.149033076155,8678448,50084830,1874722,13617435,6519233,13703918,5670127,14657893,24704402,2879106
2025-06-27,1224.0538330078125,1007.4500122070312,2306.89990234375,1451.00390625,1608.0,418.6499938964844,2205.357177734375,1509.3717041015625,805.4000244140625,3429.461669921875,1245.935156459947,1009.9000244140625,2310.5,1454.774858156496,1629.5999755859375,422.0,2214.746498554157,1515.9454247275912,809.4500122070312,3454.675906058565,1219.3578952382181,996.7000122070312,2279.300048828125,1426.0961208320166,1602.4000244140625,417.79998779296875,2180.0865095289787,1490.9452978220222,802.6500244140625,3419.395732636828,1235.8438054880892,1006.5,2280.800048828125,1427.882386711014,1619.0,421.0,2207.4548568163104,1493.4353527246628,805.0,3443.3145602623845,6068274,28213384,1050745,22532899,8912268,21409935,9649439,11117052,19375990,1778433
2025-06-30,1198.1759033203125,1000.75,2294.60009765625,1434.7296142578125,1601.800048828125,416.45001220703125,2161.008544921875,1494.630615234375,820.3499755859375,3450.290771484375,1234.9445270212907,1006.9000244140625,2317.0,1450.706312958781,1615.0,420.75,2206.4561477848033,1518.734421010171,821.0,3453.180865734764,1192.0811367630172,997.75,2288.0,1431.2564136212704,1594.0999755859375,415.79998779296875,2152.0189091907464,1490.0489382705405,807.0499877929688,3418.399002366091,1227.850614406535,1005.75,2309.89990234375,1450.6071028820047,1615.0,419.79998779296875,2205.357316984986,1507.7781788170053,809.0,3428.2654211111044,6559872,13649020,1403754,6325073,6294505,12317124,3727657,8409527,19652607,1468351
2025-07-01,1172.2982177734375,1006.0499877929688,2295.5,1421.03515625,1606.800048828125,415.1000061035156,2181.08544921875,1522.320068359375,820.2999877929688,3418.10009765625,1200.973663276553,1008.0,2302.60009765625,1436.5156826077227,1617.699951171875,418.8500061035156,2183.982012015618,1525.3081343971446,824.9000244140625,3473.213111911396,1166.003548289299,1002.0,2286.60009765625,1418.653508855977,1600.5,414.8999938964844,2156.8133844889417,1494.132596769193,813.25,3401.9549375924103,1200.973663276553,1002.5,2300.0,1434.6302067068036,1609.0,417.0,2161.0084989690326,1494.630607775488,820.0,3443.3145772321013,8702198,14389386,759914,7761449,4178937,13670465,4025754,10368523,11456405,2375183
2025-07-02,1174.2965087890625,993.0,2307.10009765625,1416.867431640625,1610.5,412.95001220703125,2166.60205078125,1512.75830078125,812.9000244140625,3411.7216796875,1180.8908489291716,1009.9500122070312,2309.0,1439.8897415628453,1649.0,416.8999938964844,2194.6695430649806,1523.9136988316197,824.0499877929688,3478.0962775498906,1170.999277735967,988.9500122070312,2287.60009765625,1411.707175185214,1603.4000244140625,411.70001220703125,2158.511281612726,1502.6983810571346,809.0,3408.4327923652227,1178.9924468672707,1009.9500122070312,2295.0,1421.2336440793872,1618.0,416.8999938964844,2182.483641982326,1522.3200879079554,821.0,3475.4054582188955,5471100,18878250,1128034,13372280,8653641,15990899,1876511,6361002,6661200,3090585
2025-07-03,1170.0999755859375,993.5499877929688,2313.39990234375,1414.98193359375,1618.699951171875,413.3500061035156,2124.151123046875,1511.76220703125,807.0999755859375,3389.2978515625,1179.9915463883353,1004.0,2326.89990234375,1435.027214103107,1632.4000244140625,416.0,2149.42179269419,1525.8060926058627,814.5,3423.6811655474544,1167.0026470631462,992.1500244140625,2304.0,1412.798706272776,1615.0,411.25,2119.456340439374,1506.9812529023668,805.7999877929688,3386.1087232761492,1176.9941080825224,997.4500122070312,2310.0,1421.1344118511029,1618.5,414.0,2136.6367281530484,1514.7502729656235,813.5,3418.3990425621496,6237185,16860506,1060039,10177738,5259695,14185298,4667399,11283291,7020403,2531870
2025-07-04,1177.5999755859375,994.6500244140625,2339.300048828125,1431.7525634765625,1640.699951171875,412.54998779296875,2127.347412109375,1521.2244873046875,811.8499755859375,3408.233642578125,1179.5,1001.75,2341.39990234375,1433.3402880878325,1643.4000244140625,415.0,2134.838775253816,1523.913698138102,813.8499755859375,3415.409242162467,1162.0,990.0,2310.300048828125,1410.2186471744621,1612.300048828125,411.75,2108.569013055413,1511.1645675851503,804.0999755859375,3378.6341422209043,1174.0,993.5499877929688,2318.0,1416.0734952431667,1625.0,414.8999938964844,2121.554042505778,1517.9375659885409,808.75,3396.473503732036,3926186,7863944,1242346,5066503,4411273,8256733,1686215,6603501,4319538,1109320
2025-07-07,1175.0999755859375,993.7000122070312,2410.39990234375,1424.706787109375,1627.0,416.1499938964844,2147.32421875,1535.367919921875,806.8499755859375,3400.160888671875,1177.5999755859375,999.2000122070312,2415.699951171875,1429.8670433562065,1644.0,417.20001220703125,2154.3161571581527,1538.65484117058,812.6500244140625,3414.5123309346973,1167.5999755859375,991.9000244140625,2341.0,1418.6535190770169,1623.0,412.0,2119.356465117389,1518.933556847784,805.1500244140625,3396.8720012794643,1177.5999755859375,994.5,2341.0,1425.9968814549877,1640.0,413.0,2127.5469727664763,1520.5271677380254,811.2000122070312,3406.738663456697,5783402,11349426,2701583,5177477,3294523,6845218,2170585,7251074,4461783,1639174
2025-07-08,1165.4000244140625,1000.7000122070312,2392.699951171875,1430.9586181640625,1638.699951171875,417.20001220703125,2221.938232421875,1531.4833984375,812.6500244140625,3394.679443359375,1180.0,1002.5,2418.5,1433.935647189369,1646.199951171875,418.1000061035156,2238.918654966794,1538.7544076502807,813.5499877929688,3413.415906340367,1161.9000244140625,988.5,2386.0,1419.050502062836,1621.5,414.6499938964844,2173.693806654712,1524.1128113419518,805.3499755859375,3381.922687075622,1180.0,988.5,2405.39990234375,1421.035188079707,1628.0,416.1499938964844,2182.4837212145635,1529.8897875590692,807.9000244140625,3393.483550682905,9973619,15224316,1471046,5315847,4590681,6807192,7526291,7171261,5935770,2325242
2025-07-09,1164.699951171875,1005.5999755859375,2423.39990234375,1420.93603515625,1633.699951171875,419.45001220703125,2226.732666015625,1512.9573974609375,810.9500122070312,3372.355224609375,1171.0,1006.9000244140625,2439.699951171875,1427.683895203639,1638.0,420.29998779296875,2231.5271868472532,1544.8301010282516,812.4500122070312,3402.4530322953497,1158.5999755859375,999.0499877929688,2397.10009765625,1415.6765685457565,1623.5999755859375,415.45001220703125,2211.450237553324,1504.0927774643353,809.0,3355.611997580095,1160.0,1003.5,2399.0,1425.2030375827696,1637.800048828125,416.20001220703125,2214.446782590659,1530.586937987722,810.0,3398.4665612557537,8674795,13861428,1741690,8827347,4580828,9930533,2020902,8870660,4099112,2034938
2025-07-10,1164.300048828125,1003.0999755859375,2408.39990234375,1413.1956787109375,1615.800048828125,416.8500061035156,2201.26220703125,1511.16455078125,808.0,3370.561279296875,1176.5999755859375,1008.5,2434.0,1427.981614021397,1638.9000244140625,420.29998779296875,2240.11731320662,1518.6347158851345,815.5,3387.5037812921582,1163.0,1000.0,2397.60009765625,1411.2109926594833,1607.0999755859375,416.3999938964844,2184.3815223388574,1501.5031858807802,806.9000244140625,3344.6492174217365,1170.0999755859375,1008.0,2423.39990234375,1425.7985078190466,1638.9000244140625,420.29998779296875,2226.5331209469705,1513.654605815878,811.2999877929688,3368.5680437680185,4339755,17030310,1053695,7795964,5330179,6220360,5721813,10047129,12178137,3035012
2025-07-11,1173.800048828125,991.8499755859375,2519.60009765625,1411.0125732421875,1594.9000244140625,416.79998779296875,2218.042724609375,1489.2520751953125,808.6500244140625,3254.95361328125,1175.9000244140625,1002.4000244140625,2530.0,1417.0658414751456,1607.0999755859375,418.04998779296875,2222.437559768054,1508.9733598189127,812.5499877929688,3323.7202389139525,1160.5999755859375,990.4500122070312,2461.0,1403.7684206963636,1563.0,415.5,2196.0680610970617,1484.3716645666439,804.5499877929688,3250.070283569519,1162.0,999.0,2500.0,1411.111783317687,1579.0999755859375,417.0,2199.26432701787,1505.9852937598653,807.5499877929688,3288.738858113972,4468654,12516922,7242235,7158015,11391755,8578844,2679166,7234991,6202372,7635550
2025-07-14,1172.699951171875,991.5,2516.60009765625,1412.1041259765625,1570.300048828125,419.3999938964844,2201.26220703125,1477.7977294921875,808.8499755859375,3211.800048828125,1179.9000244140625,994.3499755859375,2532.5,1413.9896019530586,1591.800048828125,419.95001220703125,2224.435441711399,1494.0329360309418,815.5,3260.933353706794,1163.0,985.2999877929688,2490.0,1405.2569348701418,1559.800048828125,416.54998779296875,2194.769692270979,1473.2160528053016,808.0,3189.1768740408747,1179.0,991.5,2500.0,1413.9896019530586,1591.800048828125,417.04998779296875,2221.338914051171,1486.263916129696,809.7999877929688,3254.9536470679677,4772502,13088850,2427712,5846154,9173426,6896989,2395337,10311846,6938635,3924009
2025-07-15,1165.9000244140625,997.75,2526.89990234375,1419.844482421875,1585.5999755859375,422.1000061035156,2185.580322265625,1479.4910888671875,816.4500122070312,3241.300048828125,1179.0,1001.7999877929688,2529.89990234375,1422.8215115677394,1603.5999755859375,422.3999938964844,2231.027925311575,1490.5469086437597,821.0,3248.375889064686,1162.300048828125,986.5,2510.0,1408.134785993891,1564.0,419.0,2179.387266982771,1476.503022895967,810.5,3195.1565970327038,1174.0,986.5,2520.699951171875,1410.218682168871,1565.0999755859375,420.8999938964844,2207.4550050890057,1480.2878335086834,811.0,3195.1565970327038,4776756,14498168,1700294,6041457,7614807,8532755,2974143,8132454,9297645,2590889
2025-07-16,1168.4000244140625,998.1500244140625,2517.60009765625,1415.4781494140625,1607.9000244140625,424.6000061035156,2176.89013671875,1479.690185546875,831.7000122070312,3233.10009765625,1174.0,1011.3499755859375,2532.89990234375,1418.25663727007,1612.0,425.45001220703125,2187.4780274547875,1485.068728397248,834.2000122070312,3244.89990234375,1157.0999755859375,996.2999877929688,2507.5,1408.2339967016344,1578.5,420.29998779296875,2153.5171813664483,1465.6463003598592,815.2999877929688,3220.60009765625,1164.9000244140625,1009.0,2526.300048828125,1415.081187967311,1579.0,422.1000061035156,2181.5849193538365,1467.1403332858122,816.0,3227.0,4388279,17994612,1284379,5649093,6223491,9780773,2287703,10409983,16458920,2540733
2025-07-17,1159.800048828125,993.4500122070312,2509.800048828125,1407.8370361328125,1583.5,423.95001220703125,2168.300048828125,1470.52685546875,829.0,3209.199951171875,1172.9000244140625,1002.4000244140625,2525.39990234375,1412.3025798563917,1610.0,425.8999938964844,2189.175881817405,1483.674296790977,842.5,3242.0,1154.800048828125,991.3499755859375,2506.199951171875,1398.7075285299677,1580.0999755859375,423.0,2164.204673045797,1468.0368005528198,826.3499755859375,3204.10009765625,1170.0,1002.0,2513.0,1410.1194736013367,1598.0,425.79998779296875,2172.4951631298627,1481.4830970988435,838.4000244140625,3224.10009765625,5694428,22529158,807474,12927394,7374814,7240795,2179561,11854613,23073718,2947640
2025-07-18,1099.300048828125,978.7000122070312,2489.60009765625,1414.8826904296875,1586.0999755859375,422.75,2140.5,1470.12841796875,823.3499755859375,3189.89990234375,1115.9000244140625,998.5,2514.89990234375,1418.0581395587762,1599.300048828125,425.20001220703125,2168.0,1478.8934598804974,832.6500244140625,3228.800048828125,1086.0,976.5,2481.5,1397.7151081655259,1580.0,420.1000061035156,2131.0,1463.2558421043927,820.25,3187.0,1090.0,993.4500122070312,2514.89990234375,1404.9592604817603,1592.0999755859375,425.20001220703125,2167.60009765625,1478.8934598804974,832.0,3225.0,38053695,16129446,771112,11297246,5161833,6730256,2566543,10296318,15387801,3432645
2025-07-21,1099.5999755859375,1000.25,2464.89990234375,1454.576416015625,1584.300048828125,420.1000061035156,2165.199951171875,1422.9169921875,824.2000122070312,3158.199951171875,1101.5,1001.0,2493.60009765625,1456.4617708047458,1589.0,422.75,2167.60009765625,1470.128458883213,827.3499755859375,3197.60009765625,1071.9000244140625,988.25,2455.39990234375,1425.9968891975022,1566.800048828125,418.3999938964844,2130.199951171875,1417.4388712363768,817.9500122070312,3152.0,1086.0,989.0999755859375,2490.89990234375,1436.9126621837045,1580.0,422.0,2138.10009765625,1459.1722169809668,823.0,3190.0,15905500,22309078,1169960,13867136,3682661,4822343,1827099,22442744,8852594,3844346
2025-07-22,1098.0,1003.5499877929688,2479.699951171875,1462.316650390625,1570.9000244140625,416.0,2160.199951171875,1407.179931640625,815.0,3159.60009765625,1110.5999755859375,1009.0,2485.0,1470.6523559877205,1585.800048828125,420.3999938964844,2175.0,1426.2039275426996,828.0499877929688,3180.10009765625,1095.0,1001.5,2452.60009765625,1458.4464883845856,1565.0,415.20001220703125,2145.0,1405.0881881707605,814.0,3154.60009765625,1102.0,1006.5499877929688,2470.0,1462.8128219007424,1565.0,420.1000061035156,2172.0,1421.721828538219,827.5,3159.60009765625,9999957,14836814,861632,8930165,8473741,9869507,1564562,20396320,7851163,3198036
2025-07-23,1104.800048828125,1012.1500244140625,2450.39990234375,1477.2017822265625,1574.5,414.95001220703125,2170.39990234375,1418.932861328125,820.6500244140625,3179.10009765625,1110.5,1014.9000244140625,2487.0,1478.5910866693491,1591.9000244140625,417.8999938964844,2179.800048828125,1420.3273163904719,825.2000122070312,3182.0,1098.0999755859375,1001.5,2442.0,1461.3242940475627,1550.0,414.0,2156.199951171875,1408.7734859597779,811.5,3157.60009765625,1099.5,1005.5,2481.0,1471.5454755170424,1576.300048828125,417.1000061035156,2171.0,1420.3273163904719,812.5,3159.60009765625,6633979,13634916,1320795,11974174,8035026,12196187,2790541,8354596,15470390,1922875
2025-07-24,1095.0999755859375,1007.0999755859375,2437.800048828125,1472.0416259765625,1552.5,409.95001220703125,2142.10009765625,1397.3192138671875,815.7000122070312,3148.0,1105.0,1018.8499755859375,2466.0,1477.3009711792895,1582.0,415.8500061035156,2171.800048828125,1417.3392306864348,821.9500122070312,3173.699951171875,1089.4000244140625,1004.2000122070312,2421.0,1466.782159638216,1548.199951171875,409.45001220703125,2140.0,1390.4466381154343,810.6500244140625,3140.0,1104.0,1018.8499755859375,2455.89990234375,1476.3086281822896,1580.0,415.8500061035156,2165.39990234375,1413.554298653669,820.0,3165.10009765625,9901209,19107176,693984,6700578,14169664,9005157,2058400,14740507,10118309,2934778
2025-07-25,1086.0999755859375,1002.2999877929688,2415.39990234375,1465.789794921875,1515.699951171875,409.3999938964844,2124.60009765625,1386.1636962890625,806.5499877929688,3135.800048828125,1101.0,1007.5,2428.60009765625,1488.5144734435703,1549.5,410.25,2149.89990234375,1395.4267490386208,819.2000122070312,3156.89990234375,1076.199951171875,999.5,2405.39990234375,1462.31659448384,1511.300048828125,407.75,2118.300048828125,1378.593953801798,805.5,3125.60009765625,1086.0999755859375,1007.5,2426.10009765625,1488.5144734435703,1543.4000244140625,410.0,2139.10009765625,1393.3351272649268,815.0,3140.0,11779887,9306598,769388,8696077,10851259,5824089,1745475,11854722,6734439,2568917
2025-07-28,1073.5999755859375,1004.25,2441.60009765625,1477.00341796875,1516.0,409.8999938964844,1966.5999755859375,1382.080078125,797.1500244140625,3079.300048828125,1092.199951171875,1010.7000122070312,2448.300048828125,1482.3620946590604,1519.300048828125,410.8500061035156,2055.300048828125,1402.199795115413,808.9500122070312,3118.0,1067.4000244140625,1000.25,2412.300048828125,1465.7898930637602,1482.5,408.6000061035156,1960.0,1379.490445288333,796.0,3069.89990234375,1080.9000244140625,1001.5,2415.39990234375,1465.7898930637602,1513.9000244140625,410.79998779296875,2025.300048828125,1386.7614543919697,806.5499877929688,3110.0,9029557,12059580,987995,7507479,6439855,8123337,13824699,7748361,7734158,3374473
2025-07-29,1064.199951171875,1010.7999877929688,2453.60009765625,1474.8201904296875,1513.699951171875,408.45001220703125,1972.699951171875,1411.4627685546875,799.2000122070312,3056.0,1078.699951171875,1013.25,2457.5,1478.3927223132807,1517.199951171875,411.3999938964844,1979.699951171875,1414.550412474214,800.0,3074.0,1055.4000244140625,998.1500244140625,2429.699951171875,1464.1029581857863,1496.0999755859375,408.0,1953.0,1377.4984422704579,793.0999755859375,3041.199951171875,1070.9000244140625,999.9500122070312,2444.800048828125,1468.5685019046516,1512.9000244140625,410.0,1967.0,1377.4984422704579,796.2000122070312,3060.0,15599773,19895696,732282,9776027,7070448,6811772,5043934,10750072,7833759,4785312
2025-07-30,1073.300048828125,1012.9000244140625,2437.39990234375,1471.04931640625,1519.0,407.6000061035156,1959.699951171875,1404.4906005859375,801.6500244140625,3053.60009765625,1080.5999755859375,1016.2999877929688,2452.89990234375,1477.1025845983731,1521.699951171875,409.29998779296875,1980.9000244140625,1417.6381639620695,803.4000244140625,3069.0,1062.0,1008.5,2398.5,1465.9883912336757,1506.0,405.75,1957.0,1395.7256799199,796.2000122070312,3047.199951171875,1070.5,1014.0,2442.0,1476.308661728485,1519.9000244140625,409.0,1966.0999755859375,1412.458776601272,798.9500122070312,3060.0,8247433,15154036,1224146,7238625,5719051,10915863,3589991,7209849,8743723,2880121
2025-07-31,1068.4000244140625,1009.0999755859375,2521.199951171875,1470.0570068359375,1509.0,411.95001220703125,1978.5999755859375,1384.669677734375,796.5499877929688,3036.800048828125,1081.300048828125,1015.7000122070312,2549.0,1483.0566764606926,1527.0999755859375,414.0,1998.5999755859375,1397.0203743336986,803.7999877929688,3059.800048828125,1063.9000244140625,1004.0,2420.10009765625,1452.7902136757805,1497.0,405.54998779296875,1935.0,1376.7015020683227,792.5499877929688,3015.0,1066.0,1007.2999877929688,2420.10009765625,1458.6450618514623,1509.699951171875,405.95001220703125,1941.199951171875,1382.5780559389787,795.0999755859375,3041.699951171875,7634413,22183032,5505507,12406146,6851407,19364174,4303918,17065827,11359112,2968371
2025-08-01,1062.4000244140625,1006.0999755859375,2553.699951171875,1460.3319091796875,1469.5999755859375,416.45001220703125,1992.4000244140625,1388.15576171875,794.0,3003.0,1070.9000244140625,1014.1500244140625,2727.5,1473.7285394467383,1498.699951171875,419.3500061035156,2007.0,1400.3073026227253,801.0,3036.800048828125,1060.0,1004.6500244140625,2536.89990234375,1458.5457644921182,1465.5,411.79998779296875,1972.0999755859375,1378.7932525308158,792.0,3000.0,1065.0,1007.0,2550.0,1469.0645758820863,1493.9000244140625,412.3999938964844,1983.0,1381.3828853186424,795.7000122070312,3029.89990234375,5545447,11317258,4259653,4416771,8702978,14324065,2672373,10321171,15468391,2053847
2025-08-04,1068.5999755859375,996.0,2543.699951171875,1451.9962158203125,1480.5,416.8500061035156,1997.0,1405.885009765625,795.7000122070312,3074.39990234375,1070.0,1009.25,2583.199951171875,1467.4768633867377,1482.800048828125,422.5,2007.0,1410.466686507784,797.2000122070312,3079.39990234375,1059.0,994.0499877929688,2535.10009765625,1450.1108610461113,1451.0,415.1000061035156,1982.0999755859375,1386.1637261382157,786.5499877929688,2991.60009765625,1064.4000244140625,1005.0499877929688,2547.0,1465.492177404952,1461.5,420.20001220703125,1987.0,1389.5502251510159,794.5,3009.10009765625,4465845,13933946,1293028,6140054,8610216,18352458,1543261,6312820,8820724,2519252
2025-08-05,1070.800048828125,988.7999877929688,2534.699951171875,1433.3402099609375,1460.300048828125,414.1499938964844,2003.0,1386.1636962890625,800.5999755859375,3063.89990234375,1079.9000244140625,997.2000122070312,2553.0,1450.3092505192255,1478.699951171875,417.95001220703125,2008.0,1405.38696851784,804.0499877929688,3077.5,1062.5,982.75,2517.300048828125,1429.96621963613,1455.0,413.0,1994.800048828125,1382.5780415934858,796.2999877929688,3042.0,1068.0,993.25,2537.5,1441.8743352750153,1478.699951171875,417.20001220703125,2008.0,1405.38696851784,798.0,3074.39990234375,5318081,23978058,756361,14799343,10213323,8495104,2421332,9315972,7381537,1927996
2025-08-06,1071.0,992.6500244140625,2535.60009765625,1432.54638671875,1436.699951171875,412.0,2002.4000244140625,1387.259521484375,805.1500244140625,3032.300048828125,1077.699951171875,994.0,2563.10009765625,1442.866778550362,1456.0999755859375,415.0,2025.5999755859375,1390.3471654369864,810.2000122070312,3066.800048828125,1065.5999755859375,985.0,2526.60009765625,1430.561700640964,1430.300048828125,410.5,1992.699951171875,1377.797312271222,799.0,3026.0,1074.0,985.5499877929688,2538.699951171875,1431.2564134495642,1452.0,414.1499938964844,2003.0,1386.3630773472378,800.9500122070312,3063.0,4216651,14080204,885487,7805252,10566934,9080543,2662279,5834312,7409396,1487081
2025-08-07,1076.199951171875,997.7000122070312,2517.5,1429.271728515625,1436.9000244140625,413.6000061035156,1992.0999755859375,1383.8729248046875,805.1500244140625,3047.0,1079.699951171875,1000.7999877929688,2544.0,1436.8135113901221,1442.0,414.75,1995.5,1388.1557462486337,806.6500244140625,3051.60009765625,1064.5,988.4000244140625,2495.0,1418.1574137897542,1414.199951171875,411.6499938964844,1965.0,1360.5659868045632,793.4000244140625,3010.89990234375,1067.800048828125,990.0499877929688,2535.699951171875,1430.0655302659995,1430.0,412.0,1981.0,1382.1796145349972,801.0999755859375,3016.0,5321131,13081186,847151,7432535,9892020,11514878,14552199,9976705,7091392,2543076
2025-08-08,1058.0999755859375,986.9500122070312,2498.60009765625,1424.9053955078125,1423.0999755859375,414.5,1952.699951171875,1362.35888671875,804.2999877929688,3036.39990234375,1080.4000244140625,996.4000244140625,2529.89990234375,1436.5157606227415,1433.199951171875,415.3500061035156,1999.5,1391.6418351007062,807.7999877929688,3059.800048828125,1054.199951171875,985.0,2486.60009765625,1421.0352334242946,1417.0999755859375,412.95001220703125,1948.199951171875,1359.569976594415,790.0,3025.0,1073.0,993.5499877929688,2516.0,1434.8288259088201,1425.0,413.8999938964844,1993.9000244140625,1379.4904158119157,805.0,3048.10009765625,5084903,13895264,839794,5415511,10048009,9814361,2185729,8793606,15708181,2762140
2025-08-11,1073.300048828125,997.7999877929688,2518.39990234375,1425.5999755859375,1428.199951171875,416.8500061035156,1975.9000244140625,1380.6856689453125,823.4500122070312,3040.800048828125,1075.4000244140625,998.7999877929688,2524.5,1427.3862414978396,1433.4000244140625,417.0,2024.0,1382.4785572067015,825.0,3049.89990234375,1052.5999755859375,986.5499877929688,2478.5,1409.5240669213151,1414.0,414.0,1956.4000244140625,1355.7851185633474,808.0,3021.300048828125,1058.0999755859375,987.9500122070312,2490.10009765625,1416.9666396615337,1419.9000244140625,414.5,1964.0,1364.5501609316866,808.0,3036.39990234375,5452775,9105854,992436,8492484,6625368,8514272,2202513,9997486,15236297,1884215
2025-08-12,1070.0,984.9500122070312,2483.800048828125,1422.0,1424.0999755859375,416.3500061035156,1959.0,1374.9088134765625,820.5999755859375,3035.39990234375,1076.5999755859375,998.0,2536.60009765625,1433.800048828125,1441.0,419.79998779296875,1985.9000244140625,1396.3232867936674,825.5,3096.39990234375,1066.300048828125,983.75,2480.10009765625,1420.0999755859375,1421.0,415.29998779296875,1956.4000244140625,1369.7294260490362,820.0,3026.89990234375,1071.0999755859375,995.9500122070312,2518.0,1431.0,1428.199951171875,417.0,1975.0,1376.4028464986861,824.9500122070312,3041.0,4573025,12937802,1406211,5913947,9899184,13635738,1577824,12244664,7986728,3358232
2025-08-13,1066.0,990.1500244140625,2495.10009765625,1420.800048828125,1426.5999755859375,414.1000061035156,1987.699951171875,1377.0999755859375,821.8499755859375,3036.199951171875,1072.800048828125,997.0,2501.5,1427.699951171875,1434.0,417.5,1996.300048828125,1386.2634508216695,824.9500122070312,3044.39990234375,1063.199951171875,984.5499877929688,2473.39990234375,1415.199951171875,1422.4000244140625,413.6000061035156,1962.199951171875,1372.0202877666845,820.6500244140625,3028.60009765625,1071.0999755859375,997.0,2485.0,1424.5999755859375,1425.0,417.20001220703125,1968.0,1382.4785186353236,822.6500244140625,3036.10009765625,4966778,13577396,969803,9009465,10318063,10874910,2746733,7457021,4447508,2148166
2025-08-14,1068.199951171875,995.5499877929688,2480.60009765625,1427.300048828125,1447.699951171875,411.45001220703125,1978.199951171875,1373.800048828125,826.5499877929688,3022.300048828125,1072.4000244140625,998.0,2509.0,1431.0999755859375,1470.0,415.04998779296875,1993.5,1380.699951171875,828.0,3055.89990234375,1062.0,985.5999755859375,2473.199951171875,1412.0,1426.199951171875,411.0,1975.5,1370.0999755859375,819.0999755859375,3019.10009765625,1067.0,989.0,2498.89990234375,1412.0,1426.199951171875,414.25,1988.0,1377.300048828125,822.0,3034.0,6761305,17511716,1104362,7577793,12902347,9580361,1984593,7126128,7087573,3342174
2025-08-18,1082.5999755859375,1001.7999877929688,2568.10009765625,1434.5999755859375,1435.800048828125,406.29998779296875,2001.4000244140625,1381.699951171875,827.6500244140625,3011.199951171875,1090.0,1013.2999877929688,2597.0,1452.4000244140625,1464.699951171875,413.70001220703125,2026.0,1394.9000244140625,838.0,3049.0,1079.4000244140625,997.7999877929688,2521.300048828125,1431.0,1429.5999755859375,404.8500061035156,1997.0999755859375,1377.0,825.1500244140625,3003.39990234375,1080.0,1005.0,2539.0,1450.0,1464.699951171875,413.0,1997.9000244140625,1390.0,836.0,3046.5,7964987,19284796,3089136,6908844,7254561,30950814,4303944,11785109,6138124,2945609
2025-08-19,1083.199951171875,995.5499877929688,2604.800048828125,1436.300048828125,1440.0,409.1000061035156,2029.9000244140625,1420.0999755859375,830.4000244140625,3016.199951171875,1095.0,1003.0499877929688,2615.0,1438.5,1449.4000244140625,409.3999938964844,2032.5,1421.0,831.0,3025.0,1075.800048828125,993.3499755859375,2558.39990234375,1426.300048828125,1432.699951171875,404.5,1992.5,1389.0999755859375,825.7999877929688,3011.10009765625,1078.0,999.1500244140625,2572.199951171875,1431.0999755859375,1432.699951171875,406.3500061035156,1994.0,1390.0,827.5,3011.199951171875,5661531,12352438,1400717,6709554,3986094,16681331,3111769,14384719,5076681,2650784
2025-08-20,1080.199951171875,994.0999755859375,2669.800048828125,1430.5999755859375,1496.199951171875,406.04998779296875,2017.5,1413.0,828.9500122070312,3098.60009765625,1083.699951171875,996.0,2680.0,1435.9000244140625,1499.0,410.25,2024.199951171875,1424.9000244140625,831.9000244140625,3103.39990234375,1077.800048828125,989.5,2588.5,1423.0,1440.699951171875,405.45001220703125,2005.5,1410.0,827.4000244140625,3010.89990234375,1081.0,993.5,2599.0,1432.5999755859375,1440.699951171875,409.1000061035156,2020.5,1413.0,828.7000122070312,3010.89990234375,3034728,9950228,3156954,5817858,10413061,18188129,2626941,8725641,4493888,4952358
2025-08-21,1078.9000244140625,995.5999755859375,2648.0,1446.0,1496.4000244140625,405.54998779296875,2017.800048828125,1424.800048828125,825.7000122070312,3102.60009765625,1090.0,998.75,2667.10009765625,1447.800048828125,1508.0,406.8500061035156,2039.0,1431.9000244140625,833.25,3130.0,1076.4000244140625,991.5999755859375,2627.300048828125,1436.4000244140625,1484.300048828125,403.3500061035156,2012.9000244140625,1420.300048828125,824.0499877929688,3083.10009765625,1090.0,998.75,2667.10009765625,1440.0999755859375,1508.0,406.04998779296875,2039.0,1425.0,828.9500122070312,3130.0,6459262,12439850,2235686,6238645,6565539,15028966,2898787,11021323,4402511,3230726
2025-08-22,1070.9000244140625,982.2999877929688,2629.89990234375,1436.4000244140625,1487.5,398.29998779296875,1986.5999755859375,1409.199951171875,816.25,3054.0,1078.5,998.0,2658.5,1446.0,1504.300048828125,406.5,2018.5999755859375,1423.4000244140625,826.0,3095.699951171875,1069.5,978.5499877929688,2619.0,1429.4000244140625,1486.0999755859375,397.5,1980.199951171875,1407.9000244140625,815.7000122070312,3050.0,1076.0,994.9500122070312,2647.0,1444.300048828125,1498.0999755859375,406.0,2010.199951171875,1420.0,824.0,3086.0,3853718,19833502,1223445,6657207,5543397,13087624,1791693,5818868,5097647,1593791
2025-08-25,1070.0,982.0499877929688,2631.60009765625,1433.199951171875,1532.0999755859375,399.3500061035156,1983.300048828125,1412.5999755859375,816.4500122070312,3140.60009765625,1074.5,988.7000122070312,2643.0,1435.9000244140625,1539.0,400.54998779296875,1998.800048828125,1419.5,820.5,3152.0,1068.199951171875,978.5,2615.199951171875,1424.0,1506.699951171875,396.25,1976.699951171875,1405.699951171875,814.2000122070312,3077.10009765625,1073.0,980.0999755859375,2643.0,1435.9000244140625,1506.699951171875,399.0,1987.0,1414.699951171875,817.4500122070312,3087.300048828125,2711278,17518044,667598,6738427,10694531,10440286,2369815,5979407,5672898,3448370
2025-08-26,1050.0999755859375,973.4000244140625,2692.60009765625,1416.5999755859375,1529.5999755859375,403.3500061035156,1965.699951171875,1384.9000244140625,807.8499755859375,3157.199951171875,1069.800048828125,985.7000122070312,2705.0,1427.9000244140625,1538.4000244140625,405.3999938964844,1983.9000244140625,1410.0,815.8499755859375,3162.0,1048.0,968.0,2624.60009765625,1413.0999755859375,1518.5999755859375,398.3999938964844,1961.199951171875,1381.5999755859375,806.75,3120.0,1068.0,979.5,2624.60009765625,1427.9000244140625,1523.0,399.29998779296875,1978.0,1408.0,814.8499755859375,3129.0,7197666,16917731,4348648,8720155,15994798,13715752,3710138,12145259,6997817,5522097
2025-08-27,1050.0999755859375,973.4000244140625,2692.60009765625,1416.5999755859375,1529.5999755859375,403.3500061035156,1965.699951171875,1384.9000244140625,807.8499755859375,3157.199951171875,1050.0999755859375,973.4000244140625,2692.60009765625,1416.5999755859375,1529.5999755859375,403.3500061035156,1965.699951171875,1384.9000244140625,807.8499755859375,3157.199951171875,1050.0999755859375,973.4000244140625,2692.60009765625,1416.5999755859375,1529.5999755859375,403.3500061035156,1965.699951171875,1384.9000244140625,807.8499755859375,3157.199951171875,1050.0999755859375,973.4000244140625,2692.60009765625,1416.5999755859375,1529.5999755859375,403.3500061035156,1965.699951171875,1384.9000244140625,807.8499755859375,3157.199951171875,0,0,0,0,0,0,0,0,0,0
2025-08-28,1051.9000244140625,957.7999877929688,2654.39990234375,1399.0999755859375,1500.0999755859375,400.8999938964844,1944.699951171875,1385.9000244140625,801.9500122070312,3093.699951171875,1059.5,972.2000122070312,2748.0,1411.800048828125,1529.5999755859375,404.5,1968.0,1392.199951171875,811.0,3146.5,1047.0,955.0,2646.800048828125,1396.300048828125,1498.0,400.0,1941.0999755859375,1366.5,800.6500244140625,3086.5,1057.0,967.0,2748.0,1408.0,1529.5999755859375,404.5,1955.0,1389.9000244140625,807.25,3145.0,8564803,25438255,3198743,12990789,5443364,12471719,3597940,13161813,7898436,3116051
2025-08-29,1045.199951171875,951.5999755859375,2659.800048828125,1397.800048828125,1469.5999755859375,409.75,1960.300048828125,1357.199951171875,802.5,3084.699951171875,1063.0,963.2999877929688,2723.0,1405.0,1501.9000244140625,410.45001220703125,1984.9000244140625,1403.5,806.7000122070312,3115.0,1042.5,950.0999755859375,2641.39990234375,1392.0999755859375,1467.699951171875,401.8999938964844,1950.199951171875,1350.0,798.5,3077.199951171875,1052.0999755859375,954.0,2664.800048828125,1392.0999755859375,1501.9000244140625,402.0,1950.199951171875,1381.0999755859375,800.7000122070312,3093.0,4718016,14823813,1972773,8519507,8169075,25255050,3074358,18758842,6861440,2271789
